dataset	AUROC	AUPRC	F1	MCC
wgEncodeAwgTfbsSydhH1hescMafkIggrabUniPk	0.828048	0.845967	0.726732	0.527965
wgEncodeAwgTfbsUwWi38CtcfUniPk	0.820685	0.828728	0.713163	0.48699
wgEncodeAwgTfbsUtaGm12878CtcfUniPk	0.860632	0.86919	0.763878	0.555326
wgEncodeAwgTfbsHaibH1hescRxraV0416102UniPk	0.84526	0.838277	0.752475	0.51938
wgEncodeAwgTfbsUwGm12801CtcfUniPk	0.841134	0.844487	0.76087	0.521793
wgEncodeAwgTfbsSydhHuvecMaxUniPk	0.895523	0.887042	0.836839	0.673366
wgEncodeAwgTfbsSydhHepg2Tr4UcdUniPk	0.877848	0.879647	0.806559	0.612345
wgEncodeAwgTfbsHaibK562MaxV0416102UniPk	0.80716	0.784342	0.753264	0.491468
wgEncodeAwgTfbsSydhShsy5yGata3sc269sc269UcdUniPk	0.728632	0.735872	0.643493	0.341179
wgEncodeAwgTfbsHaibHepg2Foxa1sc101058V0416101UniPk	0.776564	0.779662	0.707462	0.417901
wgEncodeAwgTfbsUwHeeCtcfUniPk	0.831344	0.846763	0.696948	0.498159
wgEncodeAwgTfbsUwNhlfCtcfUniPk	0.829118	0.834148	0.725072	0.507929
wgEncodeAwgTfbsSydhImr90CebpbIggrabUniPk	0.832217	0.8412	0.728499	0.534666
wgEncodeAwgTfbsHaibH1hescSp1Pcr1xUniPk	0.855575	0.834969	0.787689	0.577416
wgEncodeAwgTfbsSydhHelas3MaxIggrabUniPk	0.822393	0.804755	0.745705	0.520088
wgEncodeAwgTfbsSydhHct116Tcf7l2UcdUniPk	0.746775	0.737778	0.672868	0.364822
wgEncodeAwgTfbsUwK562CtcfUniPk	0.829817	0.837365	0.721896	0.500198
wgEncodeAwgTfbsHaibSknshraUsf1sc8983V0416102UniPk	0.842057	0.828435	0.752679	0.537892
wgEncodeAwgTfbsUtaH1hescCtcfUniPk	0.85531	0.857873	0.735297	0.537553
wgEncodeAwgTfbsUwNb4CtcfUniPk	0.838957	0.845576	0.718534	0.537358
wgEncodeAwgTfbsSydhGm12878Nfe2sc22827UniPk	0.865262	0.913974	0.707547	0.584649
wgEncodeAwgTfbsUwAg09309CtcfUniPk	0.837444	0.854318	0.702445	0.515804
wgEncodeAwgTfbsUwHaspCtcfUniPk	0.833866	0.839144	0.735309	0.514201
wgEncodeAwgTfbsSydhK562Znf143IggrabUniPk	0.762011	0.762646	0.684375	0.372146
wgEncodeAwgTfbsHaibGm12878Usf1Pcr2xUniPk	0.857029	0.845041	0.745677	0.561423
wgEncodeAwgTfbsSydhImr90MafkIggrabUniPk	0.823783	0.849768	0.700297	0.526402
wgEncodeAwgTfbsSydhK562CmycIggrabUniPk	0.78321	0.767645	0.714608	0.437317
wgEncodeAwgTfbsSydhHepg2Mafkab50322IggrabUniPk	0.835823	0.860874	0.727847	0.555077
wgEncodeAwgTfbsHaibK562Usf1V0416101UniPk	0.838657	0.833921	0.759214	0.532338
wgEncodeAwgTfbsHaibHepg2RxraPcr1xUniPk	0.785283	0.781633	0.671377	0.427977
wgEncodeAwgTfbsSydhK562CmycIfng30UniPk	0.778195	0.76292	0.712138	0.428748
wgEncodeAwgTfbsHaibK562Sp1Pcr1xUniPk	0.877436	0.868995	0.797022	0.613099
wgEncodeAwgTfbsUtaHelas3CmycUniPk	0.823583	0.826285	0.754788	0.474921
wgEncodeAwgTfbsSydhK562E2f6UcdUniPk	0.827823	0.799214	0.774774	0.524763
wgEncodeAwgTfbsHaibGm12878Sp1Pcr1xUniPk	0.851086	0.828957	0.790081	0.565321
wgEncodeAwgTfbsHaibK562Thap1sc98174V0416101UniPk	0.856545	0.828148	0.799176	0.557134
wgEncodeAwgTfbsHaibHepg2Foxa2sc6554V0416101UniPk	0.776321	0.774923	0.662468	0.421713
wgEncodeAwgTfbsHaibT47dEraaV0416102Bpa1hUniPk	0.884752	0.881887	0.813766	0.627124
wgEncodeAwgTfbsUwGm12874CtcfUniPk	0.839916	0.854572	0.723341	0.513069
wgEncodeAwgTfbsSydhMcf10aesStat3Etoh01UniPk	0.811479	0.821919	0.699546	0.507011
wgEncodeAwgTfbsSydhGm12878Ctcfsc15914c20UniPk	0.851535	0.863719	0.762073	0.515131
wgEncodeAwgTfbsHaibH1hescSp4v20V0422111UniPk	0.853454	0.830312	0.786378	0.583032
wgEncodeAwgTfbsHaibA549Usf1Pcr1xEtoh02UniPk	0.856346	0.844772	0.776205	0.569067
wgEncodeAwgTfbsHaibGm12891Pax5c20V0416101UniPk	0.825846	0.833713	0.739634	0.504801
wgEncodeAwgTfbsHaibK562Yy1V0416101UniPk	0.844538	0.834579	0.775747	0.527346
wgEncodeAwgTfbsHaibSknshraYy1sc281V0416102UniPk	0.806399	0.779855	0.727386	0.452116
wgEncodeAwgTfbsSydhHepg2Arid3anb100279IggrabUniPk	0.689604	0.684683	0.582121	0.260505
wgEncodeAwgTfbsSydhHelas3E2f6UniPk	0.846725	0.825793	0.785018	0.54671
wgEncodeAwgTfbsHaibGm12891Yy1sc281V0416101UniPk	0.817501	0.803069	0.731933	0.469541
wgEncodeAwgTfbsHaibK562Elf1sc631V0416102UniPk	0.792047	0.786894	0.692951	0.440596
wgEncodeAwgTfbsHaibA549Elf1V0422111Etoh02UniPk	0.806855	0.790556	0.735566	0.45247
wgEncodeAwgTfbsHaibH1hescUsf1Pcr1xUniPk	0.844249	0.838141	0.768537	0.535203
wgEncodeAwgTfbsHaibA549Usf1V0422111Etoh02UniPk	0.838655	0.838801	0.752421	0.530655
wgEncodeAwgTfbsHaibK562Tead4sc101184V0422111UniPk	0.691197	0.686957	0.627897	0.276718
wgEncodeAwgTfbsHaibA549Usf1Pcr1xDex100nmUniPk	0.826542	0.824712	0.746873	0.510999
wgEncodeAwgTfbsHaibGm12892Yy1V0416101UniPk	0.807567	0.795023	0.733958	0.461969
wgEncodeAwgTfbsSydhK562CjunIfna30UniPk	0.815107	0.830922	0.733983	0.507678
wgEncodeAwgTfbsBroadHmecCtcfUniPk	0.839763	0.856951	0.696576	0.526525
wgEncodeAwgTfbsHaibPanc1NrsfPcr2xUniPk	0.774085	0.777611	0.694373	0.404528
wgEncodeAwgTfbsSydhH1hescUsf2IggrabUniPk	0.875146	0.866724	0.797199	0.611593
wgEncodeAwgTfbsSydhPbdeGata1UcdUniPk	0.71046	0.72307	0.579305	0.329578
wgEncodeAwgTfbsHaibEcc1CtcfcV0416102Dm002p1hUniPk	0.852655	0.866752	0.713404	0.551069
wgEncodeAwgTfbsSydhGm12878E2f4IggmusUniPk	0.883511	0.877271	0.808432	0.62075
wgEncodeAwgTfbsUtaMcf7CmycSerumstvdUniPk	0.805238	0.803439	0.69252	0.469736
wgEncodeAwgTfbsUtaH1hescCmycUniPk	0.779372	0.792869	0.579416	0.445297
wgEncodeAwgTfbsSydhH1hescNrf1IggrabUniPk	0.897936	0.882686	0.828155	0.676817
wgEncodeAwgTfbsSydhHelas3Usf2IggmusUniPk	0.850779	0.841941	0.740613	0.553393
wgEncodeAwgTfbsUwHct116CtcfUniPk	0.829307	0.850033	0.709356	0.50065
wgEncodeAwgTfbsSydhHepg2Srebp1InslnUniPk	0.859421	0.839509	0.763057	0.555798
wgEncodeAwgTfbsSydhMcf10aesCfosTam14hHvdUniPk	0.81751	0.810782	0.746318	0.522145
wgEncodeAwgTfbsUtaMcf7CtcfVehUniPk	0.826672	0.831624	0.707334	0.497951
wgEncodeAwgTfbsHaibK562CtcfcPcr1xUniPk	0.842387	0.855734	0.732848	0.523633
wgEncodeAwgTfbsUwHrpeCtcfUniPk	0.841618	0.858207	0.712657	0.517238
wgEncodeAwgTfbsUwHacCtcfUniPk	0.824159	0.837694	0.709197	0.478552
wgEncodeAwgTfbsUtaMcf7CtcfEstroUniPk	0.841394	0.857285	0.699668	0.535638
wgEncodeAwgTfbsSydhK562CmycIfna30UniPk	0.834019	0.832272	0.769625	0.525195
wgEncodeAwgTfbsUtaProgfibCtcfUniPk	0.848819	0.852355	0.74714	0.540348
wgEncodeAwgTfbsBroadH1hescCtcfUniPk	0.830416	0.8331	0.737067	0.488986
wgEncodeAwgTfbsSydhH1hescBach1sc14700IggrabUniPk	0.834652	0.820572	0.733929	0.520574
wgEncodeAwgTfbsSydhK562JundIggrabUniPk	0.81257	0.804227	0.725174	0.505212
wgEncodeAwgTfbsHaibGm12878Elf1sc631V0416101UniPk	0.79987	0.798266	0.718935	0.453194
wgEncodeAwgTfbsSydhK562CjunIfna6hUniPk	0.795866	0.814984	0.632606	0.448276
wgEncodeAwgTfbsHaibHepg2NrsfPcr2xUniPk	0.78582	0.7985	0.675585	0.425271
wgEncodeAwgTfbsHaibGm12878Atf3Pcr1xUniPk	0.909978	0.923818	0.845304	0.711706
wgEncodeAwgTfbsHaibGm12878Cebpbsc150V0422111UniPk	0.780348	0.793263	0.621074	0.438257
wgEncodeAwgTfbsHaibA549Ctcfsc5916Pcr1xEtoh02UniPk	0.854115	0.86805	0.733424	0.554393
wgEncodeAwgTfbsUwHuvecCtcfUniPk	0.83756	0.846763	0.711122	0.521355
wgEncodeAwgTfbsHaibH1hescSp2V0422111UniPk	0.920718	0.91724	0.841649	0.701211
wgEncodeAwgTfbsSydhK562Gata2UcdUniPk	0.770159	0.763365	0.676779	0.407702
wgEncodeAwgTfbsSydhGm12878Tr4UniPk	0.906341	0.910133	0.822183	0.649712
wgEncodeAwgTfbsSydhHepg2Mafksc477IggrabUniPk	0.815977	0.852103	0.71012	0.535439
wgEncodeAwgTfbsBroadOsteoblCtcfUniPk	0.804296	0.817169	0.706444	0.439267
wgEncodeAwgTfbsSydhHelas3MafkIggrabUniPk	0.802653	0.821852	0.70018	0.468344
wgEncodeAwgTfbsHaibSknmcFoxp2Pcr2xUniPk	0.770361	0.754703	0.72267	0.4002
wgEncodeAwgTfbsSydhImr90CtcfbIggrabUniPk	0.846768	0.859935	0.735453	0.534994
wgEncodeAwgTfbsHaibGm12878Pou2f2Pcr1xUniPk	0.770765	0.764077	0.704609	0.387514
wgEncodeAwgTfbsHaibH1hescYy1sc281V0416102UniPk	0.810563	0.785918	0.729123	0.462841
wgEncodeAwgTfbsUtaGm19238CtcfUniPk	0.835535	0.836125	0.734936	0.499376
wgEncodeAwgTfbsUwHl60CtcfUniPk	0.849245	0.853412	0.7615	0.523449
wgEncodeAwgTfbsUwHffmycCtcfUniPk	0.813754	0.83322	0.705053	0.45958
wgEncodeAwgTfbsSydhGm12878Stat3IggmusUniPk	0.754561	0.738394	0.615884	0.381859
wgEncodeAwgTfbsSydhA549MaxIggrabUniPk	0.866763	0.862689	0.799448	0.613837
wgEncodeAwgTfbsUwGm06990CtcfUniPk	0.832867	0.850482	0.716087	0.498203
wgEncodeAwgTfbsBroadK562CtcfUniPk	0.804275	0.820281	0.675028	0.433128
wgEncodeAwgTfbsSydhHelas3Stat1Ifng30UniPk	0.762352	0.769308	0.660601	0.409875
wgEncodeAwgTfbsUtaK562CmycUniPk	0.849667	0.844579	0.781475	0.546842
wgEncodeAwgTfbsSydhHepg2CebpbForsklnUniPk	0.857346	0.844069	0.78101	0.591407
wgEncodeAwgTfbsHaibH1hescCtcfsc5916V0416102UniPk	0.851457	0.863598	0.727488	0.544428
wgEncodeAwgTfbsSydhK562Bhlhe40nb100IggrabUniPk	0.833701	0.817261	0.766134	0.535137
wgEncodeAwgTfbsSydhHelas3Stat3IggrabUniPk	0.749966	0.759094	0.626597	0.389893
wgEncodeAwgTfbsSydhHuvecGata2UcdUniPk	0.725617	0.741082	0.607279	0.338637
wgEncodeAwgTfbsHaibHepg2Mybl2sc81192V0422111UniPk	0.779752	0.773231	0.699077	0.412329
wgEncodeAwgTfbsSydhK562Stat1Ifna6hUniPk	0.794531	0.831917	0.617524	0.458875
wgEncodeAwgTfbsHaibGm12878Runx3sc101553V0422111UniPk	0.773095	0.763527	0.707097	0.406368
wgEncodeAwgTfbsBroadHsmmCtcfUniPk	0.835336	0.845085	0.708503	0.500671
wgEncodeAwgTfbsBroadHsmmtCtcfUniPk	0.822222	0.838923	0.717494	0.459088
wgEncodeAwgTfbsHaibGm12878Stat5asc74442V0422111UniPk	0.716727	0.715751	0.686437	0.310255
wgEncodeAwgTfbsHaibSknshNrsfPcr2xUniPk	0.773003	0.751684	0.724574	0.398274
wgEncodeAwgTfbsSydhHepg2MaxIggrabUniPk	0.854619	0.849791	0.784347	0.585177
wgEncodeAwgTfbsUtaGm19240CtcfUniPk	0.832276	0.835909	0.713024	0.51105
wgEncodeAwgTfbsSydhHepg2Grp20ForsklnUniPk	0.919772	0.908934	0.811594	0.652289
wgEncodeAwgTfbsSydhPanc1Tcf7l2UcdUniPk	0.713739	0.704656	0.68407	0.302919
wgEncodeAwgTfbsSydhHelas3E2f1UniPk	0.878247	0.863633	0.812651	0.607927
wgEncodeAwgTfbsHaibGm12878Pax5c20Pcr1xUniPk	0.798835	0.788982	0.724282	0.468942
wgEncodeAwgTfbsSydhHelas3Tcf7l2UcdUniPk	0.721159	0.726667	0.632135	0.320164
wgEncodeAwgTfbsSydhK562TbpIggmusUniPk	0.766873	0.763476	0.719405	0.380812
wgEncodeAwgTfbsSydhHelas3E2f4UniPk	0.876672	0.867329	0.808948	0.605427
wgEncodeAwgTfbsHaibA549Yy1cV0422111Etoh02UniPk	0.797569	0.775632	0.714101	0.438124
wgEncodeAwgTfbsUwHepg2CtcfUniPk	0.836827	0.839929	0.739043	0.49922
wgEncodeAwgTfbsUtaHepg2CtcfUniPk	0.871921	0.885128	0.77085	0.597286
wgEncodeAwgTfbsSydhHek293Tcf7l2UcdUniPk	0.727804	0.71368	0.64505	0.326477
wgEncodeAwgTfbsSydhK562Atf3UniPk	0.872217	0.881173	0.787755	0.551123
wgEncodeAwgTfbsHaibGm12878Pax5n19Pcr1xUniPk	0.792747	0.774028	0.71823	0.444156
wgEncodeAwgTfbsUtaHelas3CtcfUniPk	0.85612	0.868865	0.758575	0.555529
wgEncodeAwgTfbsHaibHepg2Zbtb33Pcr1xUniPk	0.912009	0.910163	0.832491	0.656654
wgEncodeAwgTfbsSydhHepg2CjunIggrabUniPk	0.815832	0.837694	0.731007	0.515548
wgEncodeAwgTfbsBroadGm12878CtcfUniPk	0.814782	0.832267	0.703874	0.463482
wgEncodeAwgTfbsHaibA549Tcf12V0422111Etoh02UniPk	0.751627	0.742526	0.651821	0.380085
wgEncodeAwgTfbsUwGm12878CtcfUniPk	0.845777	0.86241	0.738733	0.522629
wgEncodeAwgTfbsHaibK562Zbtb33Pcr1xUniPk	0.891307	0.897113	0.821378	0.67419
wgEncodeAwgTfbsSydhK562Mafkab50322IggrabUniPk	0.810356	0.846731	0.69872	0.520377
wgEncodeAwgTfbsHaibGm12878Zeb1sc25388V0416102UniPk	0.847409	0.844839	0.771796	0.535555
wgEncodeAwgTfbsSydhPbdefetalGata1UcdUniPk	0.795635	0.803355	0.712656	0.43399
wgEncodeAwgTfbsUtaGlioblaCtcfUniPk	0.83902	0.847019	0.728344	0.506997
wgEncodeAwgTfbsHaibHepg2Ctcfsc5916V0416101UniPk	0.853722	0.867656	0.733038	0.551096
wgEncodeAwgTfbsSydhA549CebpbIggrabUniPk	0.844965	0.848296	0.781946	0.572543
wgEncodeAwgTfbsUtaHuvecCtcfUniPk	0.862788	0.874507	0.766713	0.583211
wgEncodeAwgTfbsHaibGm12878Pu1Pcr1xUniPk	0.797857	0.819448	0.696717	0.4815
wgEncodeAwgTfbsHaibHepg2JundPcr1xUniPk	0.835739	0.827876	0.752565	0.555248
wgEncodeAwgTfbsSydhHepg2Maffm8194IggrabUniPk	0.812121	0.845194	0.696544	0.528505
wgEncodeAwgTfbsUwHek293CtcfUniPk	0.839507	0.853867	0.6864	0.52021
wgEncodeAwgTfbsSydhGm12878NfybIggmusUniPk	0.815569	0.796197	0.757919	0.503893
wgEncodeAwgTfbsSydhHepg2Bhlhe40cIggrabUniPk	0.839517	0.822336	0.78115	0.547772
wgEncodeAwgTfbsHaibK562Zbtb7asc34508V0416101UniPk	0.777397	0.748842	0.708417	0.416727
wgEncodeAwgTfbsSydhK562E2f4UcdUniPk	0.856797	0.83742	0.789727	0.578627
wgEncodeAwgTfbsHaibHepg2Foxa1sc6553V0416101UniPk	0.776665	0.780069	0.673698	0.422546
wgEncodeAwgTfbsHaibA549Ets1V0422111Etoh02UniPk	0.833162	0.812994	0.760695	0.516692
wgEncodeAwgTfbsUwHmecCtcfUniPk	0.835467	0.850426	0.736411	0.495063
wgEncodeAwgTfbsHaibK562NrsfV0416102UniPk	0.779611	0.770191	0.706325	0.40538
wgEncodeAwgTfbsHaibH1hescAtf3V0416102UniPk	0.849305	0.866861	0.772162	0.534077
wgEncodeAwgTfbsHaibHepg2Sp2V0422111UniPk	0.906132	0.909686	0.818999	0.670361
wgEncodeAwgTfbsSydhK562CjunIfng30UniPk	0.794833	0.810198	0.681354	0.460517
wgEncodeAwgTfbsBroadNhlfCtcfUniPk	0.822856	0.832532	0.709283	0.488023
wgEncodeAwgTfbsUwNhdfneoCtcfUniPk	0.826848	0.831682	0.717563	0.49808
wgEncodeAwgTfbsHaibK562Fosl1sc183V0416101UniPk	0.835457	0.827805	0.776064	0.542217
wgEncodeAwgTfbsUwAg04449CtcfUniPk	0.852271	0.846711	0.767243	0.533943
wgEncodeAwgTfbsUtaGm12878CmycUniPk	0.844363	0.832479	0.778304	0.531022
wgEncodeAwgTfbsSydhK562MaffIggrabUniPk	0.819575	0.844988	0.685972	0.516803
wgEncodeAwgTfbsHaibA549GrPcr2xDex100nmUniPk	0.829141	0.831617	0.759481	0.527317
wgEncodeAwgTfbsUchicagoK562EjunbUniPk	0.810554	0.813569	0.723247	0.507667
wgEncodeAwgTfbsUwHvmfCtcfUniPk	0.824636	0.832829	0.716551	0.483843
wgEncodeAwgTfbsHaibHepg2Nficsc81335V0422111UniPk	0.716644	0.715362	0.59316	0.330058
wgEncodeAwgTfbsHaibT47dGata3sc268V0416102Dm002p1hUniPk	0.702635	0.7048	0.615727	0.296932
wgEncodeAwgTfbsUtaMcf7CmycSerumstimUniPk	0.775414	0.762393	0.676766	0.423447
wgEncodeAwgTfbsSydhMcf7Gata3UcdUniPk	0.68568	0.687848	0.569307	0.289706
wgEncodeAwgTfbsSydhK562MaxIggrabUniPk	0.815495	0.79649	0.749325	0.506515
wgEncodeAwgTfbsSydhH1hescZnf143IggrabUniPk	0.750919	0.760005	0.616827	0.349371
wgEncodeAwgTfbsHaibGm12878Yy1sc281Pcr1xUniPk	0.777557	0.75278	0.723007	0.414946
wgEncodeAwgTfbsHaibK562Atf3V0416101UniPk	0.837291	0.843024	0.750745	0.537317
wgEncodeAwgTfbsBroadHepg2CtcfUniPk	0.819563	0.830082	0.698363	0.472529
wgEncodeAwgTfbsSydhHuvecCjunUniPk	0.773365	0.787502	0.680343	0.411766
wgEncodeAwgTfbsUwHbmecCtcfUniPk	0.820679	0.818664	0.727005	0.48309
wgEncodeAwgTfbsSydhHelas3Nrf1IggmusUniPk	0.905203	0.883049	0.851666	0.691185
wgEncodeAwgTfbsHaibHepg2Tead4sc101184V0422111UniPk	0.734528	0.732421	0.636522	0.350951
wgEncodeAwgTfbsHaibT47dEralphaaV0416102Est10nm1hUniPk	0.83974	0.833681	0.763571	0.547798
wgEncodeAwgTfbsHaibH1hescJundV0416102UniPk	0.857317	0.865682	0.777274	0.547958
wgEncodeAwgTfbsSydhHelas3Ap2gammaUniPk	0.809408	0.782618	0.756188	0.494076
wgEncodeAwgTfbsHaibGm12891Pu1Pcr1xUniPk	0.799437	0.822899	0.70789	0.484324
wgEncodeAwgTfbsSydhK562CjunIfng6hUniPk	0.778033	0.802291	0.625303	0.446086
wgEncodeAwgTfbsHaibHepg2Cebpbsc150V0416101UniPk	0.853447	0.848068	0.787128	0.584076
wgEncodeAwgTfbsUwHpafCtcfUniPk	0.831488	0.843222	0.733765	0.489729
wgEncodeAwgTfbsHaibA549Foxa1V0416102Dex100nmUniPk	0.788279	0.80166	0.688754	0.451572
wgEncodeAwgTfbsHaibK562SrfV0416101UniPk	0.881789	0.883606	0.814259	0.636674
wgEncodeAwgTfbsUwGm12875CtcfUniPk	0.839485	0.847399	0.715631	0.521818
wgEncodeAwgTfbsSydhHelas3JundIggrabUniPk	0.80917	0.799309	0.751315	0.505101
wgEncodeAwgTfbsSydhMcf10aesCfosEtoh01HvdUniPk	0.820704	0.801382	0.761286	0.534854
wgEncodeAwgTfbsSydhHelas3Elk112771IggrabUniPk	0.857492	0.846064	0.784622	0.573786
wgEncodeAwgTfbsHaibHepg2Yy1sc281V0416101UniPk	0.811851	0.795672	0.743265	0.474899
wgEncodeAwgTfbsHaibH1hescTead4sc101184V0422111UniPk	0.794767	0.799546	0.711734	0.441966
wgEncodeAwgTfbsSydhK562Irf1Ifna30UniPk	0.906056	0.919465	0.813589	0.683043
wgEncodeAwgTfbsSydhHelas3Rfx5200401194IggrabUniPk	0.825186	0.831704	0.745451	0.528496
wgEncodeAwgTfbsSydhGm12878CfosUniPk	0.905592	0.908165	0.797954	0.595383
wgEncodeAwgTfbsSydhHepg2TbpIggrabUniPk	0.796134	0.781836	0.712488	0.44955
wgEncodeAwgTfbsHaibGm12878BatfPcr1xUniPk	0.808741	0.821388	0.73822	0.488105
wgEncodeAwgTfbsHaibK562Mef2aV0416101UniPk	0.85745	0.860092	0.770338	0.56849
wgEncodeAwgTfbsUwGm12864CtcfUniPk	0.828208	0.843306	0.695873	0.495079
wgEncodeAwgTfbsUtaMcf7CtcfSerumstvdUniPk	0.831758	0.837289	0.707938	0.487289
wgEncodeAwgTfbsHaibGm12878Ets1Pcr1xUniPk	0.855973	0.842028	0.78637	0.550883
wgEncodeAwgTfbsSydhGm12878Znf143166181apUniPk	0.789044	0.807257	0.691234	0.414835
wgEncodeAwgTfbsUtaNhekCtcfUniPk	0.847511	0.855125	0.704339	0.523003
wgEncodeAwgTfbsSydhGm12878Usf2IggmusUniPk	0.86285	0.858588	0.775346	0.579654
wgEncodeAwgTfbsSydhGm12878Ebf1sc137065UniPk	0.799739	0.789309	0.739243	0.482141
wgEncodeAwgTfbsUwWerirb1CtcfUniPk	0.841824	0.844385	0.748213	0.496202
wgEncodeAwgTfbsHaibEcc1EralphaaV0416102Est10nm1hUniPk	0.819995	0.802628	0.730983	0.493988
wgEncodeAwgTfbsHaibHepg2Bhlhe40V0416101UniPk	0.874449	0.878717	0.775878	0.605911
wgEncodeAwgTfbsSydhGm12892NfkbTnfaIggrabUniPk	0.899965	0.895355	0.842712	0.689293
wgEncodeAwgTfbsHaibGm12878Egr1Pcr2xUniPk	0.846388	0.828971	0.767592	0.549652
wgEncodeAwgTfbsUwHcmCtcfUniPk	0.82118	0.836185	0.677044	0.480172
wgEncodeAwgTfbsSydhHepg2Hsf1ForsklnUniPk	0.852659	0.870546	0.763514	0.576534
wgEncodeAwgTfbsSydhGm18505NfkbTnfaIggrabUniPk	0.897027	0.88414	0.838973	0.665611
wgEncodeAwgTfbsSydhGm12878JundUniPk	0.87156	0.896346	0.780744	0.643061
wgEncodeAwgTfbsHaibK562Yy1V0416102UniPk	0.797438	0.784177	0.71906	0.452688
wgEncodeAwgTfbsHaibSknshraCtcfV0416102UniPk	0.864279	0.87876	0.758486	0.587184
wgEncodeAwgTfbsSydhHuvecCfosUcdUniPk	0.79356	0.784779	0.706591	0.479372
wgEncodeAwgTfbsHaibK562Cebpbsc150V0422111UniPk	0.81342	0.809927	0.724286	0.513149
wgEncodeAwgTfbsSydhH1hescMaxUcdUniPk	0.868034	0.859693	0.810917	0.608792
wgEncodeAwgTfbsUtaGm12892CtcfUniPk	0.83448	0.840318	0.699669	0.496592
wgEncodeAwgTfbsSydhGm12878Stat1UniPk	0.766027	0.786307	0.709037	0.372966
wgEncodeAwgTfbsSydhHelas3Prdm19115IggrabUniPk	0.826599	0.835622	0.755225	0.540289
wgEncodeAwgTfbsSydhK562CebpbIggrabUniPk	0.817007	0.810247	0.757046	0.527572
wgEncodeAwgTfbsUtaMcf7CtcfUniPk	0.834114	0.829055	0.736728	0.504187
wgEncodeAwgTfbsUtaK562CtcfUniPk	0.848581	0.848128	0.764894	0.554086
wgEncodeAwgTfbsSydhMcf10aesCmycTam14hHvdUniPk	0.793628	0.777755	0.719989	0.443081
wgEncodeAwgTfbsHaibK562Pu1Pcr1xUniPk	0.81506	0.814857	0.734263	0.499616
wgEncodeAwgTfbsHaibPfsk1NrsfPcr2xUniPk	0.768925	0.775752	0.692036	0.375734
wgEncodeAwgTfbsSydhK562Nrf1IggrabUniPk	0.902119	0.88403	0.843911	0.687138
wgEncodeAwgTfbsHaibA549Ctcfsc5916Pcr1xDex100nmUniPk	0.851956	0.866565	0.743003	0.573135
wgEncodeAwgTfbsSydhGm12878MaxIggmusUniPk	0.839366	0.834104	0.769788	0.542831
wgEncodeAwgTfbsUwAg09319CtcfUniPk	0.839206	0.852299	0.731125	0.510002
wgEncodeAwgTfbsSydhMcf10aesE2f4TamHvdUniPk	0.857674	0.838705	0.788691	0.577947
wgEncodeAwgTfbsSydhK562CtcfbIggrabUniPk	0.840074	0.852919	0.719429	0.526093
wgEncodeAwgTfbsSydhH1hescCmycIggrabUniPk	0.875752	0.866998	0.802551	0.607551
wgEncodeAwgTfbsSydhH1hescTbpIggrabUniPk	0.803798	0.806924	0.732751	0.474104
wgEncodeAwgTfbsHaibH1hescEgr1V0416102UniPk	0.841518	0.833133	0.766722	0.540928
wgEncodeAwgTfbsHaibGm12878Tcf3Pcr1xUniPk	0.827803	0.819522	0.758269	0.530856
wgEncodeAwgTfbsSydhK562Bach1sc14700IggrabUniPk	0.825371	0.840031	0.742891	0.502404
wgEncodeAwgTfbsSydhHepg2Nrf1IggrabUniPk	0.912049	0.886242	0.854188	0.699941
wgEncodeAwgTfbsHaibGm12892Pax5c20V0416101UniPk	0.821286	0.802211	0.76296	0.493205
wgEncodeAwgTfbsSydhMcf10aesCmycEtoh01HvdUniPk	0.792189	0.781632	0.70884	0.446732
wgEncodeAwgTfbsUwGm12872CtcfUniPk	0.827254	0.845462	0.672194	0.49677
wgEncodeAwgTfbsUchicagoK562Egata2UniPk	0.737153	0.742199	0.603315	0.353743
wgEncodeAwgTfbsHaibGm12878RxraPcr1xUniPk	0.813988	0.79772	0.735632	0.469446
wgEncodeAwgTfbsSydhK562Rfx5IggrabUniPk	0.893687	0.906394	0.819362	0.655784
wgEncodeAwgTfbsUwHmfCtcfUniPk	0.835172	0.846935	0.713824	0.520435
wgEncodeAwgTfbsUwHcfaaCtcfUniPk	0.841032	0.853297	0.709415	0.524735
wgEncodeAwgTfbsHaibH1hescFosl1sc183V0416102UniPk	0.848095	0.856833	0.731278	0.545343
wgEncodeAwgTfbsHaibHepg2SrfV0416101UniPk	0.881908	0.885188	0.796053	0.635753
wgEncodeAwgTfbsHaibA549GrPcr1xDex500pmUniPk	0.889842	0.907364	0.802348	0.687607
wgEncodeAwgTfbsUwSknshraCtcfUniPk	0.845737	0.85274	0.748338	0.539484
wgEncodeAwgTfbsUtaMcf7CmycVehUniPk	0.771925	0.750513	0.704928	0.422879
wgEncodeAwgTfbsSydhGm12878NfyaIggmusUniPk	0.918394	0.898578	0.848928	0.706488
wgEncodeAwgTfbsHaibH1hescTcf12Pcr1xUniPk	0.836634	0.836918	0.76521	0.532383
wgEncodeAwgTfbsSydhK562CjunUniPk	0.82931	0.839667	0.704727	0.518427
wgEncodeAwgTfbsSydhMcf10aesCfosTamHvdUniPk	0.823501	0.81119	0.763551	0.535717
wgEncodeAwgTfbsBroadNhdfadCtcfUniPk	0.832858	0.84389	0.684999	0.510777
wgEncodeAwgTfbsSydhHelas3Hae2f1UniPk	0.871001	0.840791	0.806734	0.596431
wgEncodeAwgTfbsHaibK562Gata2sc267Pcr1xUniPk	0.792416	0.7822	0.722751	0.449282
wgEncodeAwgTfbsSydhMcf10aesCfosTam112hHvdUniPk	0.819105	0.808616	0.762988	0.519663
wgEncodeAwgTfbsSydhK562Usf2IggrabUniPk	0.892546	0.895456	0.818509	0.650107
wgEncodeAwgTfbsUwCaco2CtcfUniPk	0.846644	0.856441	0.746675	0.52107
wgEncodeAwgTfbsSydhHelas3Znf143IggrabUniPk	0.833243	0.842139	0.758239	0.487257
wgEncodeAwgTfbsHaibHepg2Elf1sc631V0416101UniPk	0.798924	0.796963	0.713557	0.45001
wgEncodeAwgTfbsSydhMcf7Gata3sc269UcdUniPk	0.713699	0.70449	0.64972	0.311551
wgEncodeAwgTfbsSydhMcf10aesStat3TamUniPk	0.77353	0.79407	0.680948	0.420858
wgEncodeAwgTfbsSydhGm18526NfkbTnfaIggrabUniPk	0.918069	0.921253	0.863804	0.741317
wgEncodeAwgTfbsUwGm12865CtcfUniPk	0.839103	0.855984	0.728051	0.508505
wgEncodeAwgTfbsSydhH1hescRfx5200401194IggrabUniPk	0.903307	0.920875	0.831296	0.664542
wgEncodeAwgTfbsUwGm12873CtcfUniPk	0.831548	0.849878	0.693211	0.49839
wgEncodeAwgTfbsSydhGm12878TbpIggmusUniPk	0.737941	0.730082	0.665308	0.326605
wgEncodeAwgTfbsHaibHepg2Sp1Pcr1xUniPk	0.809116	0.792591	0.735066	0.478594
wgEncodeAwgTfbsSydhGm19099NfkbTnfaIggrabUniPk	0.895785	0.892074	0.838105	0.683156
wgEncodeAwgTfbsSydhGm12878Nrf1IggmusUniPk	0.894585	0.882839	0.826127	0.656124
wgEncodeAwgTfbsSydhK562Nfe2UniPk	0.931122	0.9499	0.895775	0.80267
wgEncodeAwgTfbsUwA549CtcfUniPk	0.827211	0.84429	0.710414	0.490994
wgEncodeAwgTfbsSydhGm18951NfkbTnfaIggrabUniPk	0.888052	0.883292	0.82578	0.659021
wgEncodeAwgTfbsHaibK562Stat5asc74442V0422111UniPk	0.758259	0.778315	0.659474	0.401254
wgEncodeAwgTfbsUwHpfCtcfUniPk	0.841918	0.857824	0.719068	0.525573
wgEncodeAwgTfbsHaibHepg2Cebpdsc636V0416101UniPk	0.864409	0.854979	0.773267	0.598589
wgEncodeAwgTfbsHaibT47dCtcfsc5916V0416102Dm002p1hUniPk	0.83826	0.847599	0.702737	0.516661
wgEncodeAwgTfbsSydhGm15510NfkbTnfaIggrabUniPk	0.876323	0.869565	0.811047	0.636448
wgEncodeAwgTfbsSydhHepg2Hnf4aForsklnUniPk	0.787374	0.780319	0.704016	0.4351
wgEncodeAwgTfbsHaibA549Atf3V0422111Etoh02UniPk	0.731051	0.752329	0.664525	0.357117
wgEncodeAwgTfbsSydhGm12878Elk112771IggmusUniPk	0.844672	0.83034	0.780105	0.546627
wgEncodeAwgTfbsUwAg10803CtcfUniPk	0.84158	0.852333	0.722293	0.520216
wgEncodeAwgTfbsSydhHelas3NfybIggrabUniPk	0.826183	0.813816	0.764391	0.493125
wgEncodeAwgTfbsSydhK562Irf1Ifna6hUniPk	0.862676	0.867839	0.79382	0.607197
wgEncodeAwgTfbsUwNhekCtcfUniPk	0.822008	0.838896	0.693713	0.47556
wgEncodeAwgTfbsUtaGm19239CtcfUniPk	0.842103	0.83475	0.755163	0.519674
wgEncodeAwgTfbsSydhHelas3CjunIggrabUniPk	0.760293	0.7757	0.672519	0.406504
wgEncodeAwgTfbsBroadNhekCtcfUniPk	0.821257	0.83291	0.68034	0.479793
wgEncodeAwgTfbsUtaMcf7CmycEstroUniPk	0.799211	0.794571	0.69809	0.464786
wgEncodeAwgTfbsUwHreCtcfUniPk	0.837767	0.851883	0.703865	0.510805
wgEncodeAwgTfbsHaibGm12878Zbtb33Pcr1xUniPk	0.917445	0.922518	0.851728	0.699244
wgEncodeAwgTfbsHaibGm12878Mef2aPcr1xUniPk	0.824384	0.827088	0.730048	0.51432
wgEncodeAwgTfbsHaibHepg2NrsfV0416101UniPk	0.805712	0.78933	0.7306	0.467757
wgEncodeAwgTfbsHaibA549Creb1sc240V0416102Dex100nmUniPk	0.857976	0.835916	0.78253	0.551029
wgEncodeAwgTfbsUtaHepg2CmycUniPk	0.83595	0.82499	0.72349	0.520632
wgEncodeAwgTfbsHaibHepg2Hnf4asc8987V0416101UniPk	0.799783	0.792909	0.691693	0.452681
wgEncodeAwgTfbsSydhH1hescCebpbIggrabUniPk	0.850951	0.849503	0.787708	0.591408
wgEncodeAwgTfbsHaibGm12878Ebf1sc137065Pcr1xUniPk	0.798451	0.79165	0.737641	0.48696
wgEncodeAwgTfbsSydhHek293tZnf263UcdUniPk	0.895815	0.885852	0.832311	0.670905
wgEncodeAwgTfbsHaibK562Sp2sc643V0416102UniPk	0.921661	0.9187	0.85042	0.714519
wgEncodeAwgTfbsSydhK562Stat1Ifng6hUniPk	0.829217	0.83332	0.736421	0.557486
wgEncodeAwgTfbsSydhGm10847NfkbTnfaIggrabUniPk	0.896388	0.889412	0.829855	0.685272
wgEncodeAwgTfbsHaibHepg2Hnf4gsc6558V0416101UniPk	0.780436	0.779158	0.701417	0.428635
wgEncodeAwgTfbsHaibA549NrsfV0422111Etoh02UniPk	0.757805	0.741811	0.677052	0.373484
wgEncodeAwgTfbsSydhHelas3Tcf7l2c9b92565UcdUniPk	0.705542	0.695604	0.601208	0.293664
wgEncodeAwgTfbsSydhK562Znf263UcdUniPk	0.938211	0.938918	0.895349	0.797201
wgEncodeAwgTfbsHaibK562E2f6V0416102UniPk	0.824684	0.797655	0.756935	0.514307
wgEncodeAwgTfbsSydhMcf7Tcf7l2UcdUniPk	0.697881	0.687405	0.610867	0.295491
wgEncodeAwgTfbsSydhNb4MaxUniPk	0.837904	0.825059	0.761788	0.545834
wgEncodeAwgTfbsSydhNt2d1Yy1UcdUniPk	0.855893	0.8447	0.77717	0.552349
wgEncodeAwgTfbsUtaFibroblCtcfUniPk	0.837277	0.828856	0.741858	0.517236
wgEncodeAwgTfbsHaibU87NrsfPcr2xUniPk	0.785899	0.763142	0.729519	0.4325
wgEncodeAwgTfbsHaibA549Fosl2V0422111Etoh02UniPk	0.810119	0.797796	0.738876	0.488563
wgEncodeAwgTfbsSydhHepg2Tcf7l2UcdUniPk	0.720545	0.733739	0.666314	0.315773
wgEncodeAwgTfbsSydhHelas3NfyaIggrabUniPk	0.871785	0.869839	0.797139	0.583887
wgEncodeAwgTfbsHaibGm12878Nficsc81335V0422111UniPk	0.66833	0.656335	0.594585	0.24869
wgEncodeAwgTfbsSydhK562Elk112771IggrabUniPk	0.861769	0.850159	0.793475	0.588423
wgEncodeAwgTfbsSydhK562Gata1UcdUniPk	0.797836	0.800714	0.689279	0.44801
wgEncodeAwgTfbsUwHffCtcfUniPk	0.827446	0.841363	0.677664	0.503185
wgEncodeAwgTfbsHaibHepg2Tcf12Pcr1xUniPk	0.863252	0.873601	0.771778	0.557451
wgEncodeAwgTfbsSydhGm12878NfkbTnfaIggrabUniPk	0.877649	0.869719	0.819701	0.650357
wgEncodeAwgTfbsHaibT47dEralphaaPcr2xGen1hUniPk	0.852109	0.845081	0.774166	0.549208
wgEncodeAwgTfbsSydhHepg2CebpbIggrabUniPk	0.852249	0.846249	0.797071	0.604337
wgEncodeAwgTfbsHaibGm12878SrfPcr2xUniPk	0.872082	0.868918	0.796063	0.617894
wgEncodeAwgTfbsUwHelas3CtcfUniPk	0.841525	0.852456	0.741981	0.505858
wgEncodeAwgTfbsHaibGm12878NrsfPcr1xUniPk	0.799045	0.800003	0.74165	0.429535
wgEncodeAwgTfbsHaibHepg2Atf3V0416101UniPk	0.872567	0.886786	0.780669	0.58078
wgEncodeAwgTfbsHaibHelas3NrsfPcr1xUniPk	0.794238	0.810989	0.691243	0.426856
wgEncodeAwgTfbsSydhK562Atf106325UniPk	0.853323	0.854377	0.774231	0.528173
wgEncodeAwgTfbsSydhK562Irf1Ifng6hUniPk	0.870814	0.871233	0.803601	0.621175
wgEncodeAwgTfbsHaibT47dFoxa1sc6553V0416102Dm002p1hUniPk	0.782067	0.780768	0.686015	0.425873
wgEncodeAwgTfbsHaibH1hescNrsfV0416102UniPk	0.799101	0.820924	0.678095	0.468258
wgEncodeAwgTfbsSydhHek293Elk4UcdUniPk	0.847215	0.830529	0.787802	0.539507
wgEncodeAwgTfbsSydhNb4CmycUniPk	0.790694	0.778158	0.730653	0.443967
wgEncodeAwgTfbsSydhH1hescCjunIggrabUniPk	0.860884	0.864645	0.78125	0.569664
wgEncodeAwgTfbsHaibA549GrPcr1xDex5nmUniPk	0.854441	0.858441	0.787946	0.588606
wgEncodeAwgTfbsHaibH1hescPou5f1sc9081V0416102UniPk	0.864615	0.877948	0.762319	0.591663
wgEncodeAwgTfbsUtaHuvecCmycUniPk	0.872578	0.877447	0.801066	0.593279
wgEncodeAwgTfbsHaibGm12878Mef2csc13268V0416101UniPk	0.806684	0.802189	0.720265	0.467478
wgEncodeAwgTfbsSydhA549Bhlhe40IggrabUniPk	0.893471	0.900065	0.827675	0.655075
wgEncodeAwgTfbsSydhK562Irf1Ifng30UniPk	0.856399	0.852745	0.781481	0.583983
wgEncodeAwgTfbsHaibEcc1EraaV0416102Bpa1hUniPk	0.865417	0.861047	0.756051	0.571542
wgEncodeAwgTfbsSydhHelas3Tr4UniPk	0.886173	0.888573	0.805791	0.618047
wgEncodeAwgTfbsSydhK562CmycIfna6hUniPk	0.819382	0.808044	0.745793	0.486433
wgEncodeAwgTfbsSydhK562Arid3asc8821IggrabUniPk	0.667331	0.675425	0.565008	0.24217
wgEncodeAwgTfbsSydhHelas3TbpIggrabUniPk	0.755106	0.743013	0.672833	0.372094
wgEncodeAwgTfbsSydhMcf10aesStat3Etoh01bUniPk	0.782889	0.79505	0.68099	0.439629
wgEncodeAwgTfbsHaibEcc1Foxa1sc6553V0416102Dm002p1hUniPk	0.776973	0.778326	0.712257	0.396389
wgEncodeAwgTfbsBroadHuvecCtcfUniPk	0.828008	0.842358	0.687671	0.496625
wgEncodeAwgTfbsBroadDnd41CtcfUniPk	0.830205	0.839269	0.718216	0.492286
wgEncodeAwgTfbsHaibGm12891Pou2f2Pcr1xUniPk	0.778251	0.771486	0.643674	0.414773
wgEncodeAwgTfbsSydhGm12878Rfx5200401194IggmusUniPk	0.890968	0.904701	0.816852	0.642492
wgEncodeAwgTfbsUwMcf7CtcfUniPk	0.828048	0.837739	0.723952	0.48956
wgEncodeAwgTfbsSydhK562CmycUniPk	0.8396	0.834786	0.775	0.548132
wgEncodeAwgTfbsUwRptecCtcfUniPk	0.823789	0.829867	0.728187	0.463614
wgEncodeAwgTfbsHaibHct116Zbtb33V0416101UniPk	0.8765	0.88691	0.794436	0.611406
wgEncodeAwgTfbsHaibGm12878Nfatc1sc17834V0422111UniPk	0.682193	0.669515	0.645604	0.255197
wgEncodeAwgTfbsSydhHepg2JundIggrabUniPk	0.813821	0.810634	0.741998	0.525946
wgEncodeAwgTfbsSydhMcf10aesStat3Etoh01cUniPk	0.7883	0.796179	0.709759	0.448943
wgEncodeAwgTfbsUwAoafCtcfUniPk	0.851118	0.863098	0.735758	0.544004
wgEncodeAwgTfbsSydhHelas3Ap2alphaUniPk	0.820684	0.795537	0.76431	0.518724
wgEncodeAwgTfbsHaibH1hescSrfPcr1xUniPk	0.891704	0.892857	0.820921	0.646184
wgEncodeAwgTfbsHaibHepg2Zbtb7aV0416101UniPk	0.797103	0.77009	0.737145	0.451595
wgEncodeAwgTfbsSydhHepg2Rfx5200401194IggrabUniPk	0.889867	0.9016	0.819085	0.648612
wgEncodeAwgTfbsSydhHelas3CfosUniPk	0.852379	0.8543	0.781499	0.587816
wgEncodeAwgTfbsSydhGm12878Yy1UniPk	0.796312	0.771165	0.707935	0.436584
wgEncodeAwgTfbsUwSaecCtcfUniPk	0.838495	0.84565	0.736053	0.50942
wgEncodeAwgTfbsHaibHepg2Fosl2V0416101UniPk	0.83294	0.819982	0.766444	0.543575
wgEncodeAwgTfbsUtaA549CtcfUniPk	0.838826	0.850877	0.726979	0.504097
wgEncodeAwgTfbsSydhGm19193NfkbTnfaIggrabUniPk	0.915474	0.919543	0.857224	0.730771
wgEncodeAwgTfbsHaibK562Ets1V0416101UniPk	0.797724	0.791202	0.743523	0.446935
wgEncodeAwgTfbsBroadHelas3CtcfUniPk	0.791604	0.805256	0.628231	0.443504
wgEncodeAwgTfbsHaibA549GrPcr1xDex50nmUniPk	0.831687	0.825311	0.769147	0.539764
wgEncodeAwgTfbsSydhHelas3Elk4UcdUniPk	0.843832	0.841106	0.71791	0.528323
wgEncodeAwgTfbsSydhGm12891NfkbTnfaIggrabUniPk	0.86593	0.857552	0.795901	0.616815
wgEncodeAwgTfbsSydhK562CmycIfng6hUniPk	0.790414	0.779333	0.72837	0.448126
wgEncodeAwgTfbsUtaGm12891CtcfUniPk	0.835503	0.836049	0.708753	0.495948
wgEncodeAwgTfbsUwHcpeCtcfUniPk	0.829028	0.837976	0.716995	0.497759
wgEncodeAwgTfbsSydhHelas3CmycUniPk	0.810929	0.792176	0.745621	0.452278
wgEncodeAwgTfbsSydhShsy5yGata2UcdUniPk	0.764984	0.752775	0.705518	0.395292
wgEncodeAwgTfbsBroadNhaCtcfUniPk	0.836491	0.849533	0.723955	0.509578
wgEncodeAwgTfbsSydhGm12878Bhlhe40cIggmusUniPk	0.847306	0.834673	0.7826	0.563408
wgEncodeAwgTfbsHaibGm12878Tcf12Pcr1xUniPk	0.803275	0.790848	0.726067	0.474465
wgEncodeAwgTfbsSydhMcf10aesStat3Tam112hHvdUniPk	0.787226	0.8018	0.641221	0.456601
wgEncodeAwgTfbsSydhK562Stat1Ifna30UniPk	0.828935	0.872868	0.74	0.52124
wgEncodeAwgTfbsSydhMcf7Hae2f1UcdUniPk	0.838759	0.814916	0.770774	0.551721
wgEncodeAwgTfbsHaibHepg2Usf1Pcr1xUniPk	0.840395	0.827868	0.754836	0.532685
wgEncodeAwgTfbsUchicagoK562EjundUniPk	0.79524	0.789718	0.714213	0.473445
wgEncodeAwgTfbsHaibA549Zbtb33V0422111Etoh02UniPk	0.852675	0.851103	0.774351	0.565667
wgEncodeAwgTfbsHaibEcc1EralphaaV0416102Gen1hUniPk	0.839773	0.838316	0.713078	0.522789
wgEncodeAwgTfbsHaibEcc1GrV0416102Dex100nmUniPk	0.858127	0.861584	0.794877	0.574364
wgEncodeAwgTfbsSydhK562NfyaUniPk	0.862849	0.843952	0.79958	0.591109
wgEncodeAwgTfbsSydhH1hescJundIggrabUniPk	0.830345	0.834511	0.76609	0.535724
wgEncodeAwgTfbsUtaMcf7CtcfSerumstimUniPk	0.8243	0.816143	0.731243	0.481116
wgEncodeAwgTfbsSydhHelas3CebpbIggrabUniPk	0.823392	0.817404	0.74255	0.536054
wgEncodeAwgTfbsSydhK562Stat1Ifng30UniPk	0.857541	0.877006	0.776403	0.585494
wgEncodeAwgTfbsUwAg04450CtcfUniPk	0.831277	0.84721	0.696568	0.500982
wgEncodeAwgTfbsHaibK562Egr1V0416101UniPk	0.823105	0.806358	0.753631	0.519383
wgEncodeAwgTfbsSydhHepg2Usf2IggrabUniPk	0.878146	0.874893	0.809271	0.629094
wgEncodeAwgTfbsSydhHepg2ErraForsklnUniPk	0.804627	0.827514	0.73965	0.433838
wgEncodeAwgTfbsUchicagoK562EfosUniPk	0.84364	0.844708	0.781055	0.565855
wgEncodeAwgTfbsSydhK562CfosUniPk	0.868332	0.868488	0.806872	0.623014
wgEncodeAwgTfbsHaibHct116Yy1sc281V0416101UniPk	0.828125	0.819069	0.747998	0.492478
wgEncodeAwgTfbsUwBjCtcfUniPk	0.834768	0.843547	0.737624	0.503235
wgEncodeAwgTfbsUwBe2cCtcfUniPk	0.8238	0.834426	0.718967	0.485125
wgEncodeAwgTfbsHaibSknshNrsfV0416101UniPk	0.795894	0.796203	0.698871	0.454851
wgEncodeAwgTfbsSydhK562Yy1UcdUniPk	0.872054	0.847844	0.796149	0.590897
wgEncodeAwgTfbsHaibPfsk1Foxp2Pcr2xUniPk	0.787354	0.772644	0.697484	0.421652
wgEncodeAwgTfbsSydhK562Tr4UcdUniPk	0.938194	0.938444	0.859917	0.715413
wgEncodeAwgTfbsSydhK562NfybUniPk	0.840383	0.798532	0.799929	0.579017