dataset	AUROC	AUPRC	F1	MCC
wgEncodeAwgTfbsSydhH1hescMafkIggrabUniPk	0.974935	0.976499	0.935987	0.873481
wgEncodeAwgTfbsUwWi38CtcfUniPk	0.967786	0.971129	0.927546	0.857939
wgEncodeAwgTfbsSydhGm12878Tblr1ab24550IggmusUniPk	0.839934	0.836128	0.765023	0.529181
wgEncodeAwgTfbsUtaGm12878CtcfUniPk	0.983971	0.980536	0.947083	0.894625
wgEncodeAwgTfbsHaibH1hescRxraV0416102UniPk	0.804045	0.816583	0.665179	0.447815
wgEncodeAwgTfbsHaibPfsk1Sin3ak20V0416101UniPk	0.850238	0.863075	0.760144	0.553330
wgEncodeAwgTfbsSydhGm12878Mazab85725IggmusUniPk	0.861380	0.867885	0.778815	0.553199
wgEncodeAwgTfbsUwGm12801CtcfUniPk	0.992314	0.992732	0.964867	0.928844
wgEncodeAwgTfbsSydhHuvecMaxUniPk	0.933113	0.937125	0.858097	0.716914
wgEncodeAwgTfbsSydhK562Sirt6UniPk	0.874203	0.880518	0.782609	0.580174
wgEncodeAwgTfbsHaibGm12878Bcl11aPcr1xUniPk	0.921732	0.918870	0.849634	0.700643
wgEncodeAwgTfbsSydhHepg2Tr4UcdUniPk	0.880556	0.896321	0.804518	0.615345
wgEncodeAwgTfbsBroadHelas3Pol2bUniPk	0.778131	0.759843	0.684956	0.407840
wgEncodeAwgTfbsHaibK562MaxV0416102UniPk	0.889342	0.887126	0.814512	0.634918
wgEncodeAwgTfbsSydhShsy5yGata3sc269sc269UcdUniPk	0.894611	0.903629	0.803719	0.633212
wgEncodeAwgTfbsHaibHepg2Foxa1sc101058V0416101UniPk	0.942278	0.930886	0.888234	0.775338
wgEncodeAwgTfbsSydhHelas3Brg1IggmusUniPk	0.708758	0.636567	0.639376	0.311427
wgEncodeAwgTfbsUwHeeCtcfUniPk	0.976274	0.974543	0.936036	0.872886
wgEncodeAwgTfbsUwNhlfCtcfUniPk	0.965775	0.967913	0.924884	0.855855
wgEncodeAwgTfbsSydhK562Rpc155UniPk	0.949650	0.963439	0.884211	0.792859
wgEncodeAwgTfbsSydhImr90CebpbIggrabUniPk	0.968036	0.961009	0.917055	0.835351
wgEncodeAwgTfbsHaibH1hescSp1Pcr1xUniPk	0.877902	0.890226	0.787230	0.599123
wgEncodeAwgTfbsHaibH1hescGabpPcr1xUniPk	0.908832	0.916323	0.818009	0.661046
wgEncodeAwgTfbsSydhMcf10aesPol2Etoh01UniPk	0.812774	0.809236	0.739021	0.471631
wgEncodeAwgTfbsSydhHelas3MaxIggrabUniPk	0.872449	0.876234	0.785087	0.590527
wgEncodeAwgTfbsSydhHct116Tcf7l2UcdUniPk	0.886720	0.895576	0.806981	0.614641
wgEncodeAwgTfbsUwK562CtcfUniPk	0.974894	0.967273	0.941044	0.881648
wgEncodeAwgTfbsHaibSknshraUsf1sc8983V0416102UniPk	0.963447	0.954882	0.917052	0.831600
wgEncodeAwgTfbsUtaH1hescCtcfUniPk	0.975177	0.968927	0.930642	0.859422
wgEncodeAwgTfbsUwNb4CtcfUniPk	0.983842	0.980680	0.954733	0.909904
wgEncodeAwgTfbsSydhK562Pol2s2UniPk	0.691954	0.690753	0.622276	0.268646
wgEncodeAwgTfbsSydhGm12878Nfe2sc22827UniPk	0.949490	0.960125	0.894366	0.805081
wgEncodeAwgTfbsUwAg09309CtcfUniPk	0.974385	0.969374	0.941065	0.883340
wgEncodeAwgTfbsUwHaspCtcfUniPk	0.980323	0.975175	0.944519	0.889851
wgEncodeAwgTfbsSydhK562Znf143IggrabUniPk	0.948111	0.955993	0.873996	0.774084
wgEncodeAwgTfbsHaibGm12878Usf1Pcr2xUniPk	0.950301	0.950240	0.882193	0.775168
wgEncodeAwgTfbsSydhK562Brf2UniPk	0.693530	0.712416	0.568365	0.283742
wgEncodeAwgTfbsSydhA549Pol2s2IggrabUniPk	0.717702	0.742603	0.488670	0.277890
wgEncodeAwgTfbsSydhImr90MafkIggrabUniPk	0.975267	0.971035	0.938582	0.878843
wgEncodeAwgTfbsSydhK562Setdb1UcdUniPk	0.848565	0.863755	0.745931	0.535028
wgEncodeAwgTfbsBroadK562Hdac2a300705aUniPk	0.813067	0.821930	0.695148	0.458265
wgEncodeAwgTfbsSydhK562CmycIggrabUniPk	0.891281	0.889712	0.810086	0.625557
wgEncodeAwgTfbsSydhGm19099Pol2IggmusUniPk	0.809986	0.811890	0.720140	0.468370
wgEncodeAwgTfbsSydhHepg2Mafkab50322IggrabUniPk	0.986643	0.980727	0.964383	0.927860
wgEncodeAwgTfbsHaibK562Usf1V0416101UniPk	0.958064	0.955513	0.904126	0.822554
wgEncodeAwgTfbsHaibGm12891Taf1Pcr1xUniPk	0.830972	0.837331	0.737428	0.495121
wgEncodeAwgTfbsHaibHepg2RxraPcr1xUniPk	0.910272	0.913527	0.830809	0.651049
wgEncodeAwgTfbsSydhK562CmycIfng30UniPk	0.895513	0.902075	0.813241	0.638689
wgEncodeAwgTfbsHaibK562Sp1Pcr1xUniPk	0.896770	0.910412	0.810280	0.650755
wgEncodeAwgTfbsUtaHelas3CmycUniPk	0.868242	0.872040	0.791958	0.573060
wgEncodeAwgTfbsHaibGm12878Atf2sc81188V0422111UniPk	0.888775	0.897015	0.804442	0.628639
wgEncodeAwgTfbsSydhK562E2f6UcdUniPk	0.861580	0.864528	0.770288	0.565292
wgEncodeAwgTfbsHaibGm12878Sp1Pcr1xUniPk	0.892929	0.897532	0.800657	0.629035
wgEncodeAwgTfbsSydhK562P300IggrabUniPk	0.915528	0.915463	0.839857	0.681009
wgEncodeAwgTfbsHaibK562Thap1sc98174V0416101UniPk	0.860276	0.864238	0.773472	0.557815
wgEncodeAwgTfbsHaibHepg2Foxa2sc6554V0416101UniPk	0.953865	0.945394	0.894978	0.795494
wgEncodeAwgTfbsHaibT47dEraaV0416102Bpa1hUniPk	0.901411	0.902210	0.804826	0.638827
wgEncodeAwgTfbsSydhGm08714Znf274UcdUniPk	0.951997	0.960579	0.851485	0.727504
wgEncodeAwgTfbsUwGm12874CtcfUniPk	0.984770	0.983099	0.945335	0.890344
wgEncodeAwgTfbsSydhMcf10aesStat3Etoh01UniPk	0.947094	0.947727	0.873181	0.748195
wgEncodeAwgTfbsHaibGm12878Pbx3Pcr1xUniPk	0.908935	0.912065	0.841036	0.678101
wgEncodeAwgTfbsSydhGm12878Ctcfsc15914c20UniPk	0.976967	0.971209	0.939328	0.879871
wgEncodeAwgTfbsSydhGm12878Chd2ab68301IggmusUniPk	0.858845	0.867386	0.773128	0.545086
wgEncodeAwgTfbsHaibHuvecPol2Pcr1xUniPk	0.815963	0.814046	0.714652	0.470624
wgEncodeAwgTfbsBroadK562Chd1a301218aUniPk	0.765998	0.762099	0.708944	0.383127
wgEncodeAwgTfbsHaibH1hescSp4v20V0422111UniPk	0.839565	0.838381	0.745370	0.517507
wgEncodeAwgTfbsSydhH1hescSuz12UcdUniPk	0.808781	0.812709	0.699942	0.458483
wgEncodeAwgTfbsSydhGm12878Pol2s2IggmusUniPk	0.791337	0.793945	0.698680	0.417741
wgEncodeAwgTfbsHaibA549Usf1Pcr1xEtoh02UniPk	0.939819	0.951270	0.872021	0.755324
wgEncodeAwgTfbsHaibGm12891Pax5c20V0416101UniPk	0.915328	0.923932	0.827692	0.644674
wgEncodeAwgTfbsBroadK562Sap3039731UniPk	0.805410	0.799447	0.697237	0.456057
wgEncodeAwgTfbsHaibK562Yy1V0416101UniPk	0.912372	0.917843	0.822855	0.661707
wgEncodeAwgTfbsHaibSknshraYy1sc281V0416102UniPk	0.895480	0.903039	0.808929	0.625139
wgEncodeAwgTfbsSydhHepg2Arid3anb100279IggrabUniPk	0.883367	0.885210	0.803103	0.601242
wgEncodeAwgTfbsSydhHelas3E2f6UniPk	0.843844	0.846091	0.730539	0.525109
wgEncodeAwgTfbsSydhK562Setdb1MnasedUcdUniPk	0.765639	0.806994	0.695431	0.389633
wgEncodeAwgTfbsSydhK562Kap1UcdUniPk	0.873011	0.899065	0.771984	0.591491
wgEncodeAwgTfbsHaibGm12891Yy1sc281V0416101UniPk	0.905761	0.916518	0.816690	0.654895
wgEncodeAwgTfbsSydhHek293Pol2UniPk	0.834470	0.841651	0.765463	0.502139
wgEncodeAwgTfbsHaibHelas3Pol2Pcr1xUniPk	0.816095	0.816774	0.738441	0.469944
wgEncodeAwgTfbsSydhHelas3Zkscan1hpa006672IggrabUniPk	0.854807	0.878763	0.746667	0.548491
wgEncodeAwgTfbsSydhK562Tblr1nb600270IggrabUniPk	0.909009	0.921035	0.827168	0.659392
wgEncodeAwgTfbsHaibK562Elf1sc631V0416102UniPk	0.940736	0.929567	0.881558	0.769062
wgEncodeAwgTfbsHaibHepg2Rad21V0416101UniPk	0.961112	0.961124	0.917933	0.839245
wgEncodeAwgTfbsUtaH1hescPol2UniPk	0.828519	0.831454	0.738070	0.503483
wgEncodeAwgTfbsHaibA549Elf1V0422111Etoh02UniPk	0.888252	0.900598	0.811969	0.645692
wgEncodeAwgTfbsHaibH1hescUsf1Pcr1xUniPk	0.974673	0.964903	0.941351	0.883820
wgEncodeAwgTfbsHaibA549Usf1V0422111Etoh02UniPk	0.927615	0.935488	0.846311	0.716446
wgEncodeAwgTfbsBroadK562P300UniPk	0.791661	0.819237	0.704365	0.434344
wgEncodeAwgTfbsHaibK562Tead4sc101184V0422111UniPk	0.915939	0.918460	0.840447	0.689279
wgEncodeAwgTfbsHaibA549Usf1Pcr1xDex100nmUniPk	0.912848	0.924242	0.832942	0.667426
wgEncodeAwgTfbsBroadK562Ezh239875UniPk	0.710248	0.642568	0.662808	0.319121
wgEncodeAwgTfbsHaibH1hescBcl11aPcr1xUniPk	0.895594	0.904481	0.816244	0.634349
wgEncodeAwgTfbsHaibGm12878Pol2Pcr2xUniPk	0.804551	0.806295	0.742136	0.448382
wgEncodeAwgTfbsSydhGm12878P300bUniPk	0.930205	0.931869	0.855802	0.721021
wgEncodeAwgTfbsHaibGm12892Yy1V0416101UniPk	0.918843	0.926842	0.848117	0.692651
wgEncodeAwgTfbsSydhK562CjunIfna30UniPk	0.930630	0.943123	0.848578	0.728804
wgEncodeAwgTfbsBroadHmecCtcfUniPk	0.980665	0.981050	0.948413	0.899237
wgEncodeAwgTfbsHaibPanc1NrsfPcr2xUniPk	0.928813	0.941888	0.854207	0.726452
wgEncodeAwgTfbsSydhH1hescUsf2IggrabUniPk	0.956481	0.964641	0.890710	0.803648
wgEncodeAwgTfbsSydhK562Hmgn3UniPk	0.833297	0.834941	0.745902	0.502832
wgEncodeAwgTfbsSydhPbdeGata1UcdUniPk	0.874685	0.874416	0.790326	0.597559
wgEncodeAwgTfbsHaibEcc1CtcfcV0416102Dm002p1hUniPk	0.986525	0.987027	0.962241	0.924686
wgEncodeAwgTfbsSydhGm12878E2f4IggmusUniPk	0.870994	0.877405	0.772986	0.591722
wgEncodeAwgTfbsSydhGm12878WhipIggmusUniPk	0.758519	0.763078	0.672879	0.383910
wgEncodeAwgTfbsSydhHepg2Smc3ab9263IggrabUniPk	0.951941	0.961616	0.893427	0.805414
wgEncodeAwgTfbsUtaMcf7CmycSerumstvdUniPk	0.834352	0.836316	0.754244	0.517416
wgEncodeAwgTfbsSydhK562Ccnt2UniPk	0.854408	0.859050	0.740363	0.545069
wgEncodeAwgTfbsUtaH1hescCmycUniPk	0.667625	0.629634	0.671670	0.285632
wgEncodeAwgTfbsSydhH1hescNrf1IggrabUniPk	0.946538	0.957607	0.872987	0.764572
wgEncodeAwgTfbsSydhHepg2Mazab85725IggrabUniPk	0.871141	0.879788	0.780359	0.583894
wgEncodeAwgTfbsSydhHelas3Usf2IggmusUniPk	0.930060	0.937336	0.857205	0.732521
wgEncodeAwgTfbsUwHct116CtcfUniPk	0.977490	0.974142	0.941225	0.883619
wgEncodeAwgTfbsSydhHepg2Srebp1InslnUniPk	0.872714	0.889244	0.780437	0.590591
wgEncodeAwgTfbsSydhMcf10aesCfosTam14hHvdUniPk	0.961781	0.954420	0.910253	0.822499
wgEncodeAwgTfbsUtaMcf7CtcfVehUniPk	0.972020	0.968572	0.926232	0.857357
wgEncodeAwgTfbsHaibK562Rad21V0416102UniPk	0.981208	0.982622	0.936079	0.871758
wgEncodeAwgTfbsHaibK562CtcfcPcr1xUniPk	0.977132	0.971502	0.935550	0.872204
wgEncodeAwgTfbsBroadK562Rbbp5a300109aUniPk	0.790289	0.788881	0.692025	0.423024
wgEncodeAwgTfbsUwHrpeCtcfUniPk	0.981711	0.978921	0.942498	0.886304
wgEncodeAwgTfbsUwHacCtcfUniPk	0.964981	0.959834	0.924170	0.848990
wgEncodeAwgTfbsUtaMcf7CtcfEstroUniPk	0.970630	0.965207	0.932242	0.865119
wgEncodeAwgTfbsSydhK562CmycIfna30UniPk	0.856049	0.852884	0.771782	0.539883
wgEncodeAwgTfbsHaibGm12878Mta3sc81325V0422111UniPk	0.844062	0.850152	0.751900	0.528253
wgEncodeAwgTfbsUtaProgfibCtcfUniPk	0.972558	0.969138	0.934761	0.869594
wgEncodeAwgTfbsBroadH1hescCtcfUniPk	0.974264	0.968204	0.933251	0.865501
wgEncodeAwgTfbsSydhGm18526Pol2IggmusUniPk	0.826799	0.830867	0.747472	0.497031
wgEncodeAwgTfbsHaibSknshTaf1V0416101UniPk	0.863496	0.864621	0.758703	0.564075
wgEncodeAwgTfbsSydhH1hescBach1sc14700IggrabUniPk	0.912714	0.918374	0.821453	0.656563
wgEncodeAwgTfbsSydhK562JundIggrabUniPk	0.939200	0.942961	0.862240	0.737231
wgEncodeAwgTfbsBroadDnd41Ezh239875UniPk	0.790568	0.806558	0.720117	0.427751
wgEncodeAwgTfbsBroadNhdfadEzh239875UniPk	0.819548	0.824428	0.737288	0.470576
wgEncodeAwgTfbsHaibGm12878Elf1sc631V0416101UniPk	0.893911	0.895707	0.814880	0.621741
wgEncodeAwgTfbsSydhK562CjunIfna6hUniPk	0.951952	0.958573	0.878804	0.776266
wgEncodeAwgTfbsHaibK562Sin3ak20V0416101UniPk	0.858073	0.855431	0.788795	0.548075
wgEncodeAwgTfbsHaibHepg2NrsfPcr2xUniPk	0.914402	0.928764	0.815948	0.677149
wgEncodeAwgTfbsSydhHelas3Brf2UniPk	0.579278	0.606020	0.583942	0.067948
wgEncodeAwgTfbsHaibGm12878Atf3Pcr1xUniPk	0.906666	0.923329	0.812081	0.668318
wgEncodeAwgTfbsHaibGm12878Cebpbsc150V0422111UniPk	0.865162	0.880329	0.784788	0.563606
wgEncodeAwgTfbsUtaHuvecPol2UniPk	0.848080	0.855037	0.760800	0.535911
wgEncodeAwgTfbsHaibA549Ctcfsc5916Pcr1xEtoh02UniPk	0.986272	0.982635	0.960106	0.918678
wgEncodeAwgTfbsUwHuvecCtcfUniPk	0.983397	0.979516	0.946442	0.894311
wgEncodeAwgTfbsSydhNt2d1Znf274UcdUniPk	0.945672	0.959907	0.905983	0.835650
wgEncodeAwgTfbsHaibK562Bclaf101388Pcr1xUniPk	0.785160	0.782393	0.716316	0.429031
wgEncodeAwgTfbsHaibH1hescSp2V0422111UniPk	0.933892	0.943503	0.850967	0.736601
wgEncodeAwgTfbsSydhK562Gata2UcdUniPk	0.938614	0.939230	0.868017	0.740481
wgEncodeAwgTfbsSydhK562Tblr1ab24550IggrabUniPk	0.803627	0.807950	0.728383	0.468473
wgEncodeAwgTfbsSydhGm12878Tr4UniPk	0.820329	0.854044	0.712088	0.496572
wgEncodeAwgTfbsSydhHepg2Mafksc477IggrabUniPk	0.987035	0.987127	0.959542	0.919986
wgEncodeAwgTfbsBroadNhlfEzh239875UniPk	0.781581	0.782203	0.727396	0.417986
wgEncodeAwgTfbsBroadOsteoblCtcfUniPk	0.955009	0.956998	0.910716	0.827927
wgEncodeAwgTfbsSydhHelas3MafkIggrabUniPk	0.946097	0.953499	0.871310	0.756046
wgEncodeAwgTfbsHaibSknmcFoxp2Pcr2xUniPk	0.883614	0.890386	0.796974	0.603134
wgEncodeAwgTfbsSydhImr90CtcfbIggrabUniPk	0.981261	0.977883	0.937987	0.877329
wgEncodeAwgTfbsHaibGm12878Pou2f2Pcr1xUniPk	0.866552	0.872268	0.766435	0.578736
wgEncodeAwgTfbsHaibH1hescYy1sc281V0416102UniPk	0.924016	0.927946	0.845199	0.697569
wgEncodeAwgTfbsBroadGm12878Ezh239875UniPk	0.753279	0.749525	0.691049	0.351529
wgEncodeAwgTfbsUtaGm19238CtcfUniPk	0.950159	0.950424	0.895013	0.798934
wgEncodeAwgTfbsUwHl60CtcfUniPk	0.991144	0.991380	0.970109	0.939916
wgEncodeAwgTfbsSydhGm12878Zzz3UniPk	0.917375	0.924579	0.752212	0.619891
wgEncodeAwgTfbsUwHffmycCtcfUniPk	0.971403	0.974128	0.930924	0.867303
wgEncodeAwgTfbsSydhGm12878Stat3IggmusUniPk	0.796040	0.795496	0.694828	0.446598
wgEncodeAwgTfbsSydhA549MaxIggrabUniPk	0.869314	0.864599	0.767700	0.580782
wgEncodeAwgTfbsUwGm06990CtcfUniPk	0.974211	0.966779	0.937113	0.874218
wgEncodeAwgTfbsSydhHelas3Zzz3UniPk	0.905116	0.905417	0.731707	0.523054
wgEncodeAwgTfbsBroadK562CtcfUniPk	0.941333	0.944168	0.885550	0.788416
wgEncodeAwgTfbsSydhHelas3Stat1Ifng30UniPk	0.869839	0.884919	0.759494	0.572528
wgEncodeAwgTfbsUtaK562CmycUniPk	0.902310	0.907062	0.826931	0.645063
wgEncodeAwgTfbsSydhK562Znf274UcdUniPk	0.925846	0.928153	0.791667	0.644503
wgEncodeAwgTfbsSydhImr90Rad21IggrabUniPk	0.963456	0.968663	0.901449	0.813315
wgEncodeAwgTfbsSydhHepg2Pgc1aForsklnUniPk	0.681984	0.733666	0.553191	0.217802
wgEncodeAwgTfbsSydhHepg2CebpbForsklnUniPk	0.953330	0.943703	0.904768	0.808931
wgEncodeAwgTfbsHaibH1hescCtcfsc5916V0416102UniPk	0.977520	0.969119	0.945088	0.889545
wgEncodeAwgTfbsSydhK562Bhlhe40nb100IggrabUniPk	0.909753	0.906568	0.836993	0.673210
wgEncodeAwgTfbsHaibK562Ctcflsc98982V0416101UniPk	0.972150	0.971665	0.917709	0.834402
wgEncodeAwgTfbsHaibHct116Pol24h8V0416101UniPk	0.837409	0.841879	0.741772	0.515916
wgEncodeAwgTfbsSydhHelas3Mxi1af4185IggrabUniPk	0.859965	0.866788	0.774856	0.552841
wgEncodeAwgTfbsSydhHelas3Stat3IggrabUniPk	0.894232	0.902234	0.817962	0.638182
wgEncodeAwgTfbsSydhHelas3Tf3c110UniPk	0.931491	0.948099	0.853032	0.723931
wgEncodeAwgTfbsSydhHuvecGata2UcdUniPk	0.902915	0.909318	0.817367	0.655422
wgEncodeAwgTfbsHaibHepg2Mybl2sc81192V0422111UniPk	0.829734	0.837734	0.733353	0.501834
wgEncodeAwgTfbsSydhK562Stat1Ifna6hUniPk	0.869329	0.880321	0.783582	0.600675
wgEncodeAwgTfbsHaibGm12878Runx3sc101553V0422111UniPk	0.925873	0.922493	0.853320	0.707942
wgEncodeAwgTfbsSydhGm12878Smc3ab9263IggmusUniPk	0.955369	0.963611	0.905094	0.816934
wgEncodeAwgTfbsBroadHsmmCtcfUniPk	0.977104	0.975427	0.936371	0.876403
wgEncodeAwgTfbsBroadHsmmtCtcfUniPk	0.970187	0.970141	0.926671	0.857030
wgEncodeAwgTfbsSydhGm12878Pol2UniPk	0.797414	0.804447	0.639013	0.428874
wgEncodeAwgTfbsHaibSknmcPol24h8V0416101UniPk	0.852376	0.858473	0.771359	0.543061
wgEncodeAwgTfbsHaibGm12878Stat5asc74442V0422111UniPk	0.832762	0.841218	0.757263	0.474984
wgEncodeAwgTfbsHaibSknshNrsfPcr2xUniPk	0.849822	0.855373	0.769722	0.536024
wgEncodeAwgTfbsSydhHepg2MaxIggrabUniPk	0.888507	0.891125	0.798204	0.620543
wgEncodeAwgTfbsUtaGm19240CtcfUniPk	0.962455	0.962656	0.911220	0.823463
wgEncodeAwgTfbsSydhHepg2Grp20ForsklnUniPk	0.903793	0.916718	0.808889	0.646017
wgEncodeAwgTfbsSydhPanc1Tcf7l2UcdUniPk	0.835732	0.837460	0.747504	0.528372
wgEncodeAwgTfbsSydhHelas3E2f1UniPk	0.892052	0.886972	0.811815	0.609920
wgEncodeAwgTfbsHaibGm12878Pax5c20Pcr1xUniPk	0.901120	0.898268	0.803513	0.645819
wgEncodeAwgTfbsHaibH1hescSin3ak20Pcr1xUniPk	0.855847	0.865589	0.787062	0.555300
wgEncodeAwgTfbsHaibSknshraRad21V0416102UniPk	0.939706	0.936687	0.883247	0.775187
wgEncodeAwgTfbsSydhHelas3Tcf7l2UcdUniPk	0.838000	0.866463	0.771574	0.487170
wgEncodeAwgTfbsSydhK562TbpIggmusUniPk	0.847858	0.855201	0.763802	0.548007
wgEncodeAwgTfbsSydhH1hescRad21IggrabUniPk	0.973834	0.970660	0.937447	0.876606
wgEncodeAwgTfbsHaibGm12892Pol2V0416102UniPk	0.802366	0.809819	0.706122	0.454394
wgEncodeAwgTfbsSydhHelas3E2f4UniPk	0.888281	0.896827	0.781496	0.609689
wgEncodeAwgTfbsHaibA549Yy1cV0422111Etoh02UniPk	0.878301	0.889276	0.792651	0.595551
wgEncodeAwgTfbsUwHepg2CtcfUniPk	0.979404	0.974163	0.944943	0.888888
wgEncodeAwgTfbsHaibGm12878Foxm1sc502V0422111UniPk	0.883400	0.888925	0.796063	0.608449
wgEncodeAwgTfbsUtaHepg2CtcfUniPk	0.988401	0.982329	0.964800	0.929286
wgEncodeAwgTfbsSydhHelas3Irf3IggrabUniPk	0.927112	0.942551	0.864238	0.733909
wgEncodeAwgTfbsHaibK562Pol24h8V0416101UniPk	0.845409	0.859379	0.729322	0.532920
wgEncodeAwgTfbsSydhHek293Tcf7l2UcdUniPk	0.864700	0.876075	0.779867	0.549555
wgEncodeAwgTfbsSydhK562Atf3UniPk	0.913589	0.925211	0.824601	0.684671
wgEncodeAwgTfbsHaibGm12878Pax5n19Pcr1xUniPk	0.896340	0.904139	0.808111	0.634081
wgEncodeAwgTfbsSydhHepg2Brca1a300IggrabUniPk	0.871636	0.886090	0.762475	0.603921
wgEncodeAwgTfbsUtaHelas3CtcfUniPk	0.982599	0.977058	0.946371	0.892470
wgEncodeAwgTfbsHaibA549Taf1V0422111Etoh02UniPk	0.795138	0.803376	0.718530	0.429993
wgEncodeAwgTfbsSydhH1hescChd1a301218aIggrabUniPk	0.719208	0.727810	0.654971	0.314231
wgEncodeAwgTfbsHaibHepg2Zbtb33Pcr1xUniPk	0.884223	0.891419	0.775073	0.590977
wgEncodeAwgTfbsHaibA549Pol2Pcr2xEtoh02UniPk	0.821469	0.810211	0.751983	0.480927
wgEncodeAwgTfbsHaibH1hescHdac2sc6296V0416102UniPk	0.864872	0.864925	0.782935	0.589704
wgEncodeAwgTfbsSydhHepg2CjunIggrabUniPk	0.972868	0.975135	0.927197	0.853488
wgEncodeAwgTfbsSydhHepg2Pol2s2IggrabUniPk	0.747694	0.764015	0.690201	0.368296
wgEncodeAwgTfbsBroadGm12878CtcfUniPk	0.960951	0.957774	0.918472	0.837434
wgEncodeAwgTfbsSydhK562Brf1UniPk	0.694215	0.739336	0.634146	0.321182
wgEncodeAwgTfbsUtaProgfibPol2UniPk	0.828196	0.830660	0.747666	0.489378
wgEncodeAwgTfbsHaibA549Tcf12V0422111Etoh02UniPk	0.866474	0.873639	0.787592	0.571622
wgEncodeAwgTfbsUwGm12878CtcfUniPk	0.980677	0.974713	0.944836	0.890016
wgEncodeAwgTfbsSydhHepg2Mxi1UniPk	0.865241	0.870509	0.773892	0.571361
wgEncodeAwgTfbsHaibK562Zbtb33Pcr1xUniPk	0.880618	0.892984	0.779547	0.593459
wgEncodeAwgTfbsSydhK562Mafkab50322IggrabUniPk	0.971286	0.972235	0.932631	0.869844
wgEncodeAwgTfbsHaibH1hescSix5Pcr1xUniPk	0.925194	0.939855	0.822183	0.715405
wgEncodeAwgTfbsUtaMcf7Pol2UniPk	0.820617	0.820182	0.750074	0.464879
wgEncodeAwgTfbsHaibGm12878Zeb1sc25388V0416102UniPk	0.862147	0.875909	0.787377	0.571271
wgEncodeAwgTfbsSydhPbdefetalGata1UcdUniPk	0.937376	0.940955	0.862200	0.741780
wgEncodeAwgTfbsSydhK562Brg1IggmusUniPk	0.792604	0.798560	0.590909	0.401147
wgEncodeAwgTfbsUtaGlioblaCtcfUniPk	0.968695	0.960584	0.927953	0.857684
wgEncodeAwgTfbsHaibHepg2Ctcfsc5916V0416101UniPk	0.986152	0.984859	0.944562	0.890997
wgEncodeAwgTfbsSydhA549CebpbIggrabUniPk	0.970591	0.960982	0.934619	0.869631
wgEncodeAwgTfbsHaibGm12878Irf4sc6059Pcr1xUniPk	0.914878	0.919151	0.836185	0.664838
wgEncodeAwgTfbsUtaHuvecCtcfUniPk	0.987714	0.984937	0.959112	0.918408
wgEncodeAwgTfbsHaibGm12878Pu1Pcr1xUniPk	0.981935	0.977112	0.946484	0.892514
wgEncodeAwgTfbsHaibHepg2JundPcr1xUniPk	0.918856	0.926644	0.837871	0.688604
wgEncodeAwgTfbsSydhHepg2Maffm8194IggrabUniPk	0.982105	0.979496	0.954470	0.910612
wgEncodeAwgTfbsUwHek293CtcfUniPk	0.982005	0.978179	0.944499	0.887503
wgEncodeAwgTfbsBroadK562Phf8a301772aUniPk	0.815615	0.810223	0.724314	0.480657
wgEncodeAwgTfbsHaibSknshraP300V0416102UniPk	0.895538	0.895520	0.798275	0.626981
wgEncodeAwgTfbsSydhGm12878NfybIggmusUniPk	0.942790	0.950020	0.863487	0.746369
wgEncodeAwgTfbsHaibHelas3Taf1Pcr1xUniPk	0.822887	0.822546	0.737360	0.487258
wgEncodeAwgTfbsSydhGm12891Pol2IggmusUniPk	0.782245	0.781710	0.717443	0.420179
wgEncodeAwgTfbsSydhH1hescMxi1IggrabUniPk	0.864318	0.878056	0.788132	0.558539
wgEncodeAwgTfbsSydhMcf7Znf217UcdUniPk	0.843659	0.856720	0.768919	0.535019
wgEncodeAwgTfbsHaibHepg2Mbd4sc271530V0422111UniPk	0.799434	0.802537	0.683206	0.446185
wgEncodeAwgTfbsHaibH1hescTaf1V0416102UniPk	0.835964	0.839060	0.754494	0.511708
wgEncodeAwgTfbsSydhHepg2Bhlhe40cIggrabUniPk	0.897048	0.901607	0.819750	0.630783
wgEncodeAwgTfbsHaibK562Zbtb7asc34508V0416101UniPk	0.864731	0.861228	0.772565	0.576823
wgEncodeAwgTfbsHaibU87Pol24h8V0416101UniPk	0.818610	0.824617	0.729624	0.484528
wgEncodeAwgTfbsSydhK562E2f4UcdUniPk	0.879388	0.888172	0.773185	0.605131
wgEncodeAwgTfbsSydhHelas3Brf1UniPk	0.761486	0.818033	0.657895	0.328146
wgEncodeAwgTfbsHaibHepg2Foxa1sc6553V0416101UniPk	0.953344	0.946941	0.896958	0.798072
wgEncodeAwgTfbsHaibA549Ets1V0422111Etoh02UniPk	0.848287	0.862624	0.755556	0.512491
wgEncodeAwgTfbsSydhGm19193Pol2IggmusUniPk	0.818290	0.817228	0.724739	0.482301
wgEncodeAwgTfbsHaibPanc1Sin3ak20V0416101UniPk	0.811354	0.812425	0.721710	0.464361
wgEncodeAwgTfbsUwHmecCtcfUniPk	0.977401	0.974987	0.934420	0.869542
wgEncodeAwgTfbsHaibK562NrsfV0416102UniPk	0.921991	0.929880	0.837677	0.687374
wgEncodeAwgTfbsHaibH1hescPol2V0416102UniPk	0.807138	0.811227	0.718444	0.464539
wgEncodeAwgTfbsHaibH1hescAtf3V0416102UniPk	0.946860	0.951122	0.876317	0.767501
wgEncodeAwgTfbsHaibHepg2Sp2V0422111UniPk	0.937086	0.952430	0.869656	0.763907
wgEncodeAwgTfbsSydhK562CjunIfng30UniPk	0.944017	0.951132	0.877193	0.769691
wgEncodeAwgTfbsBroadNhlfCtcfUniPk	0.975298	0.979304	0.928033	0.860404
wgEncodeAwgTfbsHaibGm12892Taf1V0416102UniPk	0.847555	0.850970	0.774861	0.540584
wgEncodeAwgTfbsUwNhdfneoCtcfUniPk	0.970089	0.962047	0.927924	0.853302
wgEncodeAwgTfbsSydhHuvecPol2UniPk	0.802351	0.810484	0.729367	0.458869
wgEncodeAwgTfbsHaibK562Fosl1sc183V0416101UniPk	0.961882	0.964332	0.910163	0.828675
wgEncodeAwgTfbsUwAg04449CtcfUniPk	0.971985	0.965261	0.929272	0.862808
wgEncodeAwgTfbsUtaGm12878CmycUniPk	0.805729	0.807771	0.711046	0.459931
wgEncodeAwgTfbsSydhK562MaffIggrabUniPk	0.971889	0.972658	0.932599	0.867559
wgEncodeAwgTfbsSydhK562Ubfsc13125IggmusUniPk	0.855821	0.838065	0.763855	0.520539
wgEncodeAwgTfbsHaibA549GrPcr2xDex100nmUniPk	0.898521	0.896871	0.816239	0.635187
wgEncodeAwgTfbsSydhHepg2Rad21IggrabUniPk	0.967702	0.971354	0.926812	0.859401
wgEncodeAwgTfbsUchicagoK562EjunbUniPk	0.929860	0.933674	0.857205	0.727130
wgEncodeAwgTfbsUwHvmfCtcfUniPk	0.974923	0.972916	0.935506	0.872422
wgEncodeAwgTfbsHaibHepg2Nficsc81335V0422111UniPk	0.856007	0.866761	0.770776	0.551446
wgEncodeAwgTfbsHaibT47dGata3sc268V0416102Dm002p1hUniPk	0.909885	0.908220	0.836400	0.661463
wgEncodeAwgTfbsUtaMcf7CmycSerumstimUniPk	0.852836	0.849989	0.774450	0.535372
wgEncodeAwgTfbsSydhHepg2Pol2IggrabUniPk	0.788298	0.793394	0.726522	0.432803
wgEncodeAwgTfbsSydhMcf7Gata3UcdUniPk	0.838276	0.839703	0.750546	0.525653
wgEncodeAwgTfbsHaibGm12891Pol2Pcr1xUniPk	0.794913	0.789261	0.718244	0.442757
wgEncodeAwgTfbsHaibHepg2Sin3ak20Pcr1xUniPk	0.841817	0.849869	0.718218	0.525263
wgEncodeAwgTfbsUtaMcf7Pol2SerumstvdUniPk	0.837980	0.843117	0.736574	0.512584
wgEncodeAwgTfbsUtaHelas3Pol2UniPk	0.805528	0.808871	0.746340	0.446375
wgEncodeAwgTfbsSydhK562MaxIggrabUniPk	0.891434	0.888228	0.796837	0.626012
wgEncodeAwgTfbsBroadHepg2Ezh239875UniPk	0.778233	0.766836	0.662241	0.382848
wgEncodeAwgTfbsSydhH1hescZnf143IggrabUniPk	0.942337	0.950829	0.876889	0.754395
wgEncodeAwgTfbsHaibGm12878Yy1sc281Pcr1xUniPk	0.907915	0.911833	0.819687	0.674724
wgEncodeAwgTfbsHaibK562Atf3V0416101UniPk	0.947632	0.951318	0.874708	0.763276
wgEncodeAwgTfbsBroadHepg2CtcfUniPk	0.974887	0.971668	0.939929	0.881036
wgEncodeAwgTfbsUtaHepg2Pol2UniPk	0.800985	0.814253	0.693584	0.448357
wgEncodeAwgTfbsSydhHuvecCjunUniPk	0.967511	0.963209	0.917814	0.835437
wgEncodeAwgTfbsUwHbmecCtcfUniPk	0.974592	0.968320	0.932396	0.862604
wgEncodeAwgTfbsSydhHelas3Nrf1IggmusUniPk	0.963984	0.968427	0.903863	0.809934
wgEncodeAwgTfbsHaibGm12891Pol24h8Pcr1xUniPk	0.786310	0.795542	0.717161	0.420528
wgEncodeAwgTfbsHaibHepg2Tead4sc101184V0422111UniPk	0.903049	0.903514	0.832558	0.662171
wgEncodeAwgTfbsHaibT47dEralphaaV0416102Est10nm1hUniPk	0.909049	0.915766	0.812261	0.645944
wgEncodeAwgTfbsSydhK562Ini1IggmusUniPk	0.735155	0.704780	0.688564	0.349315
wgEncodeAwgTfbsHaibH1hescJundV0416102UniPk	0.876505	0.892196	0.774215	0.613110
wgEncodeAwgTfbsSydhHelas3Ap2gammaUniPk	0.892608	0.899241	0.812722	0.626350
wgEncodeAwgTfbsHaibGm12891Pu1Pcr1xUniPk	0.979583	0.973278	0.945671	0.891726
wgEncodeAwgTfbsSydhK562CjunIfng6hUniPk	0.947912	0.951097	0.884015	0.758753
wgEncodeAwgTfbsHaibHepg2Cebpbsc150V0416101UniPk	0.969404	0.964497	0.922526	0.848806
wgEncodeAwgTfbsHaibGm12878Six5Pcr1xUniPk	0.909265	0.927177	0.815982	0.661688
wgEncodeAwgTfbsUwHpafCtcfUniPk	0.977728	0.971758	0.936738	0.873433
wgEncodeAwgTfbsHaibA549Foxa1V0416102Dex100nmUniPk	0.922805	0.928875	0.844173	0.696423
wgEncodeAwgTfbsHaibK562SrfV0416101UniPk	0.911778	0.920719	0.821810	0.658212
wgEncodeAwgTfbsUwGm12875CtcfUniPk	0.978615	0.974859	0.939540	0.882723
wgEncodeAwgTfbsSydhHelas3JundIggrabUniPk	0.952849	0.952249	0.895458	0.804588
wgEncodeAwgTfbsSydhMcf10aesCfosEtoh01HvdUniPk	0.963356	0.952822	0.924540	0.849783
wgEncodeAwgTfbsSydhHelas3Elk112771IggrabUniPk	0.911267	0.917669	0.823337	0.654830
wgEncodeAwgTfbsSydhK562Pol2Ifna30UniPk	0.811948	0.811400	0.716309	0.481672
wgEncodeAwgTfbsHaibHepg2Yy1sc281V0416101UniPk	0.890345	0.891862	0.804710	0.611534
wgEncodeAwgTfbsHaibH1hescTead4sc101184V0422111UniPk	0.955811	0.958299	0.893540	0.788987
wgEncodeAwgTfbsSydhK562Irf1Ifna30UniPk	0.869132	0.897213	0.765152	0.517175
wgEncodeAwgTfbsSydhHelas3Rfx5200401194IggrabUniPk	0.893738	0.901134	0.784331	0.623302
wgEncodeAwgTfbsSydhK562NelfeUniPk	0.690871	0.689978	0.617021	0.207987
wgEncodeAwgTfbsSydhGm12878CfosUniPk	0.972437	0.978436	0.922527	0.851996
wgEncodeAwgTfbsSydhHepg2TbpIggrabUniPk	0.825821	0.828750	0.724780	0.487084
wgEncodeAwgTfbsHaibGm12878BatfPcr1xUniPk	0.949564	0.936720	0.896498	0.791063
wgEncodeAwgTfbsHaibK562Mef2aV0416101UniPk	0.920683	0.932438	0.839359	0.683697
wgEncodeAwgTfbsSydhH1hescChd2IggrabUniPk	0.880705	0.893300	0.774037	0.594171
wgEncodeAwgTfbsUwGm12864CtcfUniPk	0.975243	0.972383	0.935751	0.873037
wgEncodeAwgTfbsUtaMcf7CtcfSerumstvdUniPk	0.954239	0.955054	0.892712	0.790766
wgEncodeAwgTfbsHaibHelas3GabpPcr1xUniPk	0.937393	0.943750	0.864673	0.740840
wgEncodeAwgTfbsSydhH1hescBrca1IggrabUniPk	0.861090	0.872949	0.773632	0.541095
wgEncodeAwgTfbsSydhK562Pol2IggmusUniPk	0.789406	0.796038	0.688533	0.418598
wgEncodeAwgTfbsHaibGm12878Ets1Pcr1xUniPk	0.874315	0.891564	0.776815	0.591097
wgEncodeAwgTfbsSydhGm12878Znf143166181apUniPk	0.967234	0.972207	0.911811	0.831400
wgEncodeAwgTfbsHaibHepg2Hdac2sc6296V0416101UniPk	0.886824	0.889224	0.807147	0.621781
wgEncodeAwgTfbsUtaNhekCtcfUniPk	0.971609	0.971592	0.918111	0.839363
wgEncodeAwgTfbsHaibK562Nr2f2sc271940V0422111UniPk	0.907557	0.916549	0.822831	0.665139
wgEncodeAwgTfbsSydhGm12878Usf2IggmusUniPk	0.942676	0.945201	0.878578	0.776756
wgEncodeAwgTfbsSydhGm12878Ebf1sc137065UniPk	0.933383	0.932353	0.858597	0.728097
wgEncodeAwgTfbsUwWerirb1CtcfUniPk	0.983589	0.982142	0.942198	0.883547
wgEncodeAwgTfbsHaibEcc1EralphaaV0416102Est10nm1hUniPk	0.901005	0.905663	0.822361	0.650292
wgEncodeAwgTfbsHaibHepg2Bhlhe40V0416101UniPk	0.935257	0.939016	0.862642	0.723140
wgEncodeAwgTfbsSydhGm12892NfkbTnfaIggrabUniPk	0.893163	0.896307	0.811931	0.627976
wgEncodeAwgTfbsUchicagoK562Ehdac8UniPk	0.714133	0.711529	0.579606	0.323204
wgEncodeAwgTfbsBroadK562Pol2bUniPk	0.795929	0.800258	0.728216	0.415341
wgEncodeAwgTfbsSydhGm18951Pol2IggmusUniPk	0.824027	0.822111	0.745869	0.486425
wgEncodeAwgTfbsHaibGm12878Egr1Pcr2xUniPk	0.923647	0.923831	0.848542	0.698591
wgEncodeAwgTfbsUwHcmCtcfUniPk	0.967814	0.969560	0.917629	0.841280
wgEncodeAwgTfbsSydhHepg2Hsf1ForsklnUniPk	0.948388	0.948860	0.862816	0.734492
wgEncodeAwgTfbsSydhGm18505NfkbTnfaIggrabUniPk	0.889043	0.897957	0.793515	0.615259
wgEncodeAwgTfbsSydhGm12878JundUniPk	0.969270	0.965518	0.908297	0.826909
wgEncodeAwgTfbsHaibK562Yy1V0416102UniPk	0.917118	0.919285	0.831847	0.680091
wgEncodeAwgTfbsHaibSknshraCtcfV0416102UniPk	0.989695	0.989336	0.954140	0.908077
wgEncodeAwgTfbsSydhImr90Pol2IggrabUniPk	0.812543	0.795505	0.720158	0.476193
wgEncodeAwgTfbsSydhHuvecCfosUcdUniPk	0.955642	0.956731	0.898831	0.802441
wgEncodeAwgTfbsSydhGm12878Corestsc30189IggmusUniPk	0.819006	0.819585	0.744348	0.482648
wgEncodeAwgTfbsSydhHelas3Rad21IggrabUniPk	0.951878	0.946546	0.902265	0.807847
wgEncodeAwgTfbsHaibK562Cebpbsc150V0422111UniPk	0.944548	0.937884	0.885453	0.775620
wgEncodeAwgTfbsSydhH1hescMaxUcdUniPk	0.911639	0.920303	0.831383	0.667413
wgEncodeAwgTfbsSydhK562Tf3c110UniPk	0.968676	0.975057	0.912593	0.841876
wgEncodeAwgTfbsHaibH1hescRad21V0416102UniPk	0.967519	0.963020	0.919792	0.838502
wgEncodeAwgTfbsSydhHek293Kap1UcdUniPk	0.787235	0.786206	0.717318	0.427217
wgEncodeAwgTfbsUtaGm12892CtcfUniPk	0.949724	0.947676	0.890398	0.783027
wgEncodeAwgTfbsHaibGm12878Pmlsc71910V0422111UniPk	0.813449	0.815606	0.691393	0.465127
wgEncodeAwgTfbsSydhGm12878Stat1UniPk	0.753645	0.738880	0.670750	0.381386
wgEncodeAwgTfbsSydhU2osKap1UcdUniPk	0.791857	0.796911	0.689682	0.440148
wgEncodeAwgTfbsSydhHelas3Prdm19115IggrabUniPk	0.923390	0.938484	0.859259	0.723905
wgEncodeAwgTfbsSydhK562CebpbIggrabUniPk	0.966304	0.957144	0.929189	0.861443
wgEncodeAwgTfbsUtaMcf7CtcfUniPk	0.959661	0.950004	0.912068	0.823557
wgEncodeAwgTfbsUtaK562CtcfUniPk	0.984977	0.983338	0.943454	0.888720
wgEncodeAwgTfbsSydhMcf10aesCmycTam14hHvdUniPk	0.914796	0.914922	0.831860	0.672986
wgEncodeAwgTfbsHaibK562Pu1Pcr1xUniPk	0.981983	0.974744	0.948501	0.895709
wgEncodeAwgTfbsBroadHuvecEzh239875UniPk	0.812539	0.821218	0.739130	0.491526
wgEncodeAwgTfbsHaibPfsk1NrsfPcr2xUniPk	0.929291	0.938063	0.842001	0.721966
wgEncodeAwgTfbsSydhK562Stat2Ifna30UniPk	0.878183	0.898322	0.773006	0.581179
wgEncodeAwgTfbsSydhHelas3Mazab85725IggrabUniPk	0.869501	0.875425	0.754894	0.571332
wgEncodeAwgTfbsHaibPanc1Pol24h8V0416101UniPk	0.819728	0.823218	0.714441	0.486903
wgEncodeAwgTfbsSydhK562Nrf1IggrabUniPk	0.951793	0.960080	0.871665	0.760393
wgEncodeAwgTfbsHaibA549Ctcfsc5916Pcr1xDex100nmUniPk	0.982677	0.977314	0.958683	0.917618
wgEncodeAwgTfbsSydhGm12878MaxIggmusUniPk	0.845750	0.853007	0.738211	0.525801
wgEncodeAwgTfbsUwAg09319CtcfUniPk	0.980114	0.979023	0.934314	0.867280
wgEncodeAwgTfbsSydhNt2d1Suz12UcdUniPk	0.794954	0.790072	0.721057	0.439937
wgEncodeAwgTfbsSydhMcf10aesE2f4TamHvdUniPk	0.926750	0.931027	0.830642	0.695228
wgEncodeAwgTfbsSydhK562CtcfbIggrabUniPk	0.979872	0.980080	0.935962	0.873333
wgEncodeAwgTfbsHaibGm12878GabpPcr2xUniPk	0.922141	0.932743	0.830914	0.699286
wgEncodeAwgTfbsSydhH1hescCmycIggrabUniPk	0.880396	0.890264	0.805526	0.594297
wgEncodeAwgTfbsSydhGm15510Pol2IggmusUniPk	0.824793	0.829455	0.708121	0.491399
wgEncodeAwgTfbsSydhH1hescTbpIggrabUniPk	0.840739	0.847604	0.740092	0.521703
wgEncodeAwgTfbsHaibH1hescEgr1V0416102UniPk	0.895755	0.905997	0.773470	0.610761
wgEncodeAwgTfbsHaibGm12878Tcf3Pcr1xUniPk	0.887258	0.890661	0.808947	0.609637
wgEncodeAwgTfbsSydhK562Bach1sc14700IggrabUniPk	0.940334	0.956417	0.874663	0.752956
wgEncodeAwgTfbsSydhHepg2Nrf1IggrabUniPk	0.982463	0.984775	0.941015	0.884677
wgEncodeAwgTfbsHaibGm12892Pax5c20V0416101UniPk	0.867872	0.877550	0.759318	0.572537
wgEncodeAwgTfbsSydhHelas3Bdp1UniPk	0.720772	0.765858	0.686957	0.289557
wgEncodeAwgTfbsSydhMcf10aesCmycEtoh01HvdUniPk	0.915675	0.912775	0.831933	0.676359
wgEncodeAwgTfbsUwGm12872CtcfUniPk	0.973427	0.971902	0.934983	0.871520
wgEncodeAwgTfbsUchicagoK562Egata2UniPk	0.862505	0.875034	0.757185	0.576256
wgEncodeAwgTfbsHaibGm12878RxraPcr1xUniPk	0.787945	0.785825	0.715116	0.422655
wgEncodeAwgTfbsHaibHepg2Pol24h8V0416102UniPk	0.802537	0.798215	0.737390	0.441654
wgEncodeAwgTfbsSydhK562Rfx5IggrabUniPk	0.872402	0.884836	0.783684	0.594208
wgEncodeAwgTfbsUwHmfCtcfUniPk	0.984619	0.984225	0.943271	0.887140
wgEncodeAwgTfbsHaibK562Pol2V0416101UniPk	0.810093	0.810579	0.740136	0.477455
wgEncodeAwgTfbsUwHcfaaCtcfUniPk	0.978950	0.973334	0.944500	0.888991
wgEncodeAwgTfbsSydhK562Pol2s2IggrabUniPk	0.752822	0.755523	0.666315	0.373866
wgEncodeAwgTfbsBroadK562Hdac1sc6298UniPk	0.784975	0.775792	0.710543	0.420659
wgEncodeAwgTfbsSydhGm12878Sin3anb6001263IggmusUniPk	0.816433	0.826985	0.739746	0.490466
wgEncodeAwgTfbsHaibH1hescFosl1sc183V0416102UniPk	0.855634	0.878961	0.759916	0.480579
wgEncodeAwgTfbsHaibHepg2SrfV0416101UniPk	0.921806	0.928764	0.835596	0.688842
wgEncodeAwgTfbsHaibA549GrPcr1xDex500pmUniPk	0.819934	0.825948	0.694611	0.493801
wgEncodeAwgTfbsUwSknshraCtcfUniPk	0.980889	0.979897	0.936759	0.872232
wgEncodeAwgTfbsHaibT47dP300V0416102Dm002p1hUniPk	0.881911	0.888077	0.798645	0.589271
wgEncodeAwgTfbsUtaMcf7CmycVehUniPk	0.871239	0.872603	0.783910	0.576021
wgEncodeAwgTfbsSydhGm12878NfyaIggmusUniPk	0.920448	0.934974	0.843411	0.730761
wgEncodeAwgTfbsHaibH1hescTcf12Pcr1xUniPk	0.900711	0.904731	0.821313	0.644124
wgEncodeAwgTfbsSydhK562Mazab85725IggrabUniPk	0.908888	0.915555	0.817585	0.658726
wgEncodeAwgTfbsHaibK562Taf7sc101167V0416101UniPk	0.799674	0.793644	0.690476	0.455797
wgEncodeAwgTfbsSydhK562CjunUniPk	0.963137	0.965923	0.910738	0.826547
wgEncodeAwgTfbsSydhMcf10aesCfosTamHvdUniPk	0.963274	0.953657	0.926720	0.854697
wgEncodeAwgTfbsBroadNhdfadCtcfUniPk	0.976109	0.973449	0.935555	0.874382
wgEncodeAwgTfbsSydhHelas3Hae2f1UniPk	0.894704	0.891931	0.798651	0.613518
wgEncodeAwgTfbsHaibSknshSin3ak20V0416101UniPk	0.853607	0.858998	0.757640	0.554717
wgEncodeAwgTfbsSydhK562Pol2Ifng6hUniPk	0.820194	0.825188	0.716530	0.479392
wgEncodeAwgTfbsHaibK562Gata2sc267Pcr1xUniPk	0.949804	0.945090	0.886655	0.772542
wgEncodeAwgTfbsSydhH1hescGtf2f1IggrabUniPk	0.816695	0.820907	0.718819	0.461411
wgEncodeAwgTfbsSydhK562Pol3UniPk	0.870238	0.904684	0.800000	0.637629
wgEncodeAwgTfbsHaibH1hescPol24h8V0416102UniPk	0.811005	0.817848	0.738278	0.461423
wgEncodeAwgTfbsSydhMcf10aesCfosTam112hHvdUniPk	0.963390	0.951789	0.917249	0.836120
wgEncodeAwgTfbsSydhK562Usf2IggrabUniPk	0.943713	0.955958	0.902878	0.825810
wgEncodeAwgTfbsUwCaco2CtcfUniPk	0.977925	0.972548	0.943786	0.887109
wgEncodeAwgTfbsSydhK562Tal1sc12984IggmusUniPk	0.944675	0.932190	0.893366	0.780310
wgEncodeAwgTfbsSydhHelas3Znf143IggrabUniPk	0.914497	0.929698	0.804956	0.664793
wgEncodeAwgTfbsSydhK562Bdp1UniPk	0.724577	0.758145	0.606965	0.313665
wgEncodeAwgTfbsSydhHepg2Chd2ab68301IggrabUniPk	0.865137	0.884008	0.779154	0.581233
wgEncodeAwgTfbsHaibHepg2Elf1sc631V0416101UniPk	0.935042	0.937128	0.866871	0.742596
wgEncodeAwgTfbsSydhMcf7Gata3sc269UcdUniPk	0.874281	0.887030	0.796196	0.605629
wgEncodeAwgTfbsSydhMcf10aesStat3TamUniPk	0.959060	0.958063	0.892951	0.788288
wgEncodeAwgTfbsSydhGm18526NfkbTnfaIggrabUniPk	0.872807	0.891056	0.790182	0.560332
wgEncodeAwgTfbsBroadNhekPol2bUniPk	0.741039	0.745331	0.648225	0.327211
wgEncodeAwgTfbsUwGm12865CtcfUniPk	0.980764	0.981362	0.935191	0.872919
wgEncodeAwgTfbsUtaA549Pol2UniPk	0.841761	0.843710	0.750197	0.520030
wgEncodeAwgTfbsSydhH1hescRfx5200401194IggrabUniPk	0.906044	0.921629	0.807309	0.654523
wgEncodeAwgTfbsBroadH1hescJarid1aab26049UniPk	0.812140	0.826633	0.717949	0.451377
wgEncodeAwgTfbsSydhK562Gtf2f1ab28179IggrabUniPk	0.797358	0.789125	0.715328	0.454765
wgEncodeAwgTfbsUwGm12873CtcfUniPk	0.973866	0.969970	0.935645	0.871348
wgEncodeAwgTfbsSydhGm12878TbpIggmusUniPk	0.818480	0.817087	0.744194	0.485900
wgEncodeAwgTfbsHaibA549GabpV0422111Etoh02UniPk	0.888900	0.898584	0.806333	0.631821
wgEncodeAwgTfbsSydhHelas3Pol2UniPk	0.817439	0.818447	0.749860	0.474285
wgEncodeAwgTfbsHaibHepg2P300V0416101UniPk	0.910949	0.905796	0.837821	0.667763
wgEncodeAwgTfbsHaibHepg2Sp1Pcr1xUniPk	0.898903	0.900101	0.828015	0.657399
wgEncodeAwgTfbsSydhGm19099NfkbTnfaIggrabUniPk	0.923866	0.931428	0.846154	0.690380
wgEncodeAwgTfbsHaibHuvecPol24h8V0416101UniPk	0.870846	0.866833	0.794737	0.588540
wgEncodeAwgTfbsSydhGm12878Nrf1IggmusUniPk	0.932976	0.943690	0.852207	0.726446
wgEncodeAwgTfbsSydhK562Nfe2UniPk	0.992317	0.992371	0.963832	0.928538
wgEncodeAwgTfbsBroadHsmmtEzh239875UniPk	0.783330	0.789891	0.626424	0.413907
wgEncodeAwgTfbsUwA549CtcfUniPk	0.976287	0.975256	0.941000	0.884695
wgEncodeAwgTfbsSydhGm18951NfkbTnfaIggrabUniPk	0.870917	0.880731	0.790921	0.573653
wgEncodeAwgTfbsHaibK562Stat5asc74442V0422111UniPk	0.926446	0.936480	0.829119	0.690829
wgEncodeAwgTfbsSydhGm18505Pol2IggmusUniPk	0.812837	0.817331	0.718897	0.459974
wgEncodeAwgTfbsUwHpfCtcfUniPk	0.975993	0.971822	0.939153	0.877253
wgEncodeAwgTfbsHaibHepg2Cebpdsc636V0416101UniPk	0.883310	0.897835	0.805057	0.612609
wgEncodeAwgTfbsHaibT47dCtcfsc5916V0416102Dm002p1hUniPk	0.972882	0.971107	0.942539	0.888469
wgEncodeAwgTfbsSydhK562Corestsc30189IggrabUniPk	0.911135	0.905254	0.837263	0.662190
wgEncodeAwgTfbsSydhGm15510NfkbTnfaIggrabUniPk	0.844144	0.847519	0.771247	0.528829
wgEncodeAwgTfbsSydhK562Gtf2bUniPk	0.788600	0.813109	0.627615	0.417477
wgEncodeAwgTfbsSydhHepg2Hnf4aForsklnUniPk	0.922592	0.927150	0.854245	0.700560
wgEncodeAwgTfbsSydhGm12878Rad21IggrabUniPk	0.964362	0.967784	0.922938	0.857746
wgEncodeAwgTfbsHaibA549Atf3V0422111Etoh02UniPk	0.855591	0.863318	0.770370	0.542183
wgEncodeAwgTfbsSydhK562Znf274m01UcdUniPk	0.854837	0.880859	0.751678	0.585462
wgEncodeAwgTfbsBroadK562Hdac6a301341aUniPk	0.722047	0.724587	0.632099	0.342737
wgEncodeAwgTfbsBroadHsmmEzh239875UniPk	0.718853	0.689465	0.580897	0.310403
wgEncodeAwgTfbsSydhGm12878Elk112771IggmusUniPk	0.873510	0.885783	0.787203	0.601444
wgEncodeAwgTfbsUwAg10803CtcfUniPk	0.980341	0.981055	0.930968	0.865122
wgEncodeAwgTfbsSydhHelas3NfybIggrabUniPk	0.932210	0.940973	0.853033	0.729202
wgEncodeAwgTfbsSydhK562Irf1Ifna6hUniPk	0.878524	0.897522	0.788406	0.603281
wgEncodeAwgTfbsUwNhekCtcfUniPk	0.978309	0.977041	0.935044	0.872475
wgEncodeAwgTfbsHaibK562Pmlsc71910V0422111UniPk	0.848340	0.868603	0.745223	0.544742
wgEncodeAwgTfbsHaibHepg2Pol2Pcr2xUniPk	0.814124	0.813330	0.753849	0.473093
wgEncodeAwgTfbsUtaGm19239CtcfUniPk	0.964256	0.968086	0.906894	0.817713
wgEncodeAwgTfbsSydhHelas3CjunIggrabUniPk	0.950807	0.952183	0.891718	0.786636
wgEncodeAwgTfbsBroadNhekCtcfUniPk	0.969431	0.971813	0.920396	0.847883
wgEncodeAwgTfbsUtaMcf7CmycEstroUniPk	0.849826	0.852780	0.771991	0.541108
wgEncodeAwgTfbsUtaK562Pol2UniPk	0.828586	0.813049	0.761249	0.496353
wgEncodeAwgTfbsUwHreCtcfUniPk	0.978009	0.975489	0.942509	0.886004
wgEncodeAwgTfbsHaibK562Taf1V0416101UniPk	0.854703	0.858017	0.736605	0.529590
wgEncodeAwgTfbsHaibGm12878Zbtb33Pcr1xUniPk	0.872353	0.895681	0.797633	0.591381
wgEncodeAwgTfbsHaibGm12878Mef2aPcr1xUniPk	0.920006	0.926074	0.845836	0.686506
wgEncodeAwgTfbsHaibHepg2NrsfV0416101UniPk	0.875193	0.888926	0.762761	0.587976
wgEncodeAwgTfbsHaibA549Creb1sc240V0416102Dex100nmUniPk	0.896628	0.905821	0.807430	0.642792
wgEncodeAwgTfbsUtaHepg2CmycUniPk	0.874745	0.874180	0.788121	0.576970
wgEncodeAwgTfbsHaibHepg2Hnf4asc8987V0416101UniPk	0.949763	0.947165	0.884195	0.776817
wgEncodeAwgTfbsBroadHmecEzh239875UniPk	0.743385	0.743611	0.623696	0.340099
wgEncodeAwgTfbsHaibK562Hdac2sc6296V0416102UniPk	0.875627	0.880921	0.784113	0.583484
wgEncodeAwgTfbsSydhH1hescCebpbIggrabUniPk	0.971575	0.972160	0.935850	0.874423
wgEncodeAwgTfbsBroadK562Plu1UniPk	0.813244	0.813163	0.740357	0.457764
wgEncodeAwgTfbsHaibGm12878Ebf1sc137065Pcr1xUniPk	0.910015	0.906901	0.833804	0.653446
wgEncodeAwgTfbsHaibA549P300V0422111Etoh02UniPk	0.880527	0.889224	0.785201	0.593926
wgEncodeAwgTfbsSydhHek293tZnf263UcdUniPk	0.881577	0.882651	0.802077	0.595161
wgEncodeAwgTfbsHaibK562Sp2sc643V0416102UniPk	0.933568	0.944779	0.856423	0.719750
wgEncodeAwgTfbsSydhK562Stat1Ifng6hUniPk	0.898595	0.912506	0.786885	0.655334
wgEncodeAwgTfbsHaibH1hescAtf2sc81188V0422111UniPk	0.822702	0.846851	0.733664	0.510121
wgEncodeAwgTfbsHaibHepg2GabpPcr2xUniPk	0.913003	0.918154	0.801136	0.655162
wgEncodeAwgTfbsSydhGm10847NfkbTnfaIggrabUniPk	0.881435	0.889196	0.802656	0.591228
wgEncodeAwgTfbsHaibHepg2Hnf4gsc6558V0416101UniPk	0.937075	0.937125	0.864739	0.726578
wgEncodeAwgTfbsHaibA549NrsfV0422111Etoh02UniPk	0.842391	0.860517	0.737882	0.517854
wgEncodeAwgTfbsHaibSknshPol24h8V0416101UniPk	0.848656	0.846794	0.768920	0.538602
wgEncodeAwgTfbsSydhK562Rad21UniPk	0.992511	0.993828	0.969990	0.940088
wgEncodeAwgTfbsHaibGm12878Pol24h8Pcr1xUniPk	0.791111	0.782425	0.725032	0.442927
wgEncodeAwgTfbsHaibK562Six5Pcr1xUniPk	0.899525	0.917952	0.810433	0.637143
wgEncodeAwgTfbsSydhHelas3Corestsc30189IggrabUniPk	0.863490	0.871787	0.788707	0.565312
wgEncodeAwgTfbsSydhGm12878Znf274UniPk	0.984848	0.991391	0.978723	0.957427
wgEncodeAwgTfbsSydhHelas3Tcf7l2c9b92565UcdUniPk	0.846481	0.856929	0.748092	0.538391
wgEncodeAwgTfbsHaibH1hescP300V0416102UniPk	0.862471	0.871587	0.749842	0.561218
wgEncodeAwgTfbsSydhK562Znf263UcdUniPk	0.889887	0.899616	0.809326	0.614773
wgEncodeAwgTfbsHaibK562E2f6V0416102UniPk	0.887544	0.887311	0.801399	0.618394
wgEncodeAwgTfbsSydhMcf7Tcf7l2UcdUniPk	0.865122	0.872649	0.792065	0.577689
wgEncodeAwgTfbsHaibHepg2Taf1Pcr2xUniPk	0.845834	0.851295	0.745831	0.527505
wgEncodeAwgTfbsSydhNb4MaxUniPk	0.903117	0.905386	0.821932	0.647490
wgEncodeAwgTfbsSydhNt2d1Yy1UcdUniPk	0.944646	0.956064	0.875944	0.758449
wgEncodeAwgTfbsUtaFibroblCtcfUniPk	0.966766	0.966166	0.912307	0.831550
wgEncodeAwgTfbsSydhK562Ubtfsab1404509IggmusUniPk	0.845550	0.843183	0.770360	0.537133
wgEncodeAwgTfbsHaibU87NrsfPcr2xUniPk	0.867853	0.879104	0.767290	0.579205
wgEncodeAwgTfbsSydhHelas3Rpc155UniPk	0.968101	0.975885	0.912142	0.830329
wgEncodeAwgTfbsHaibGm12878Taf1Pcr1xUniPk	0.853152	0.853121	0.781229	0.539531
wgEncodeAwgTfbsHaibA549Fosl2V0422111Etoh02UniPk	0.947244	0.952335	0.874785	0.773883
wgEncodeAwgTfbsHaibH1hescNanogsc33759V0416102UniPk	0.919658	0.923400	0.838025	0.670673
wgEncodeAwgTfbsSydhHepg2Tcf7l2UcdUniPk	0.837599	0.849459	0.748749	0.536700
wgEncodeAwgTfbsSydhHelas3NfyaIggrabUniPk	0.907049	0.921418	0.821180	0.670542
wgEncodeAwgTfbsHaibGm12878Nficsc81335V0422111UniPk	0.890643	0.893267	0.812357	0.632836
wgEncodeAwgTfbsSydhK562Elk112771IggrabUniPk	0.905304	0.922755	0.821490	0.653344
wgEncodeAwgTfbsSydhGm12878Pol3UniPk	0.902818	0.927533	0.752941	0.526106
wgEncodeAwgTfbsSydhHct116Pol2UcdUniPk	0.816674	0.809229	0.695864	0.462125
wgEncodeAwgTfbsUtaGlioblaPol2UniPk	0.825236	0.827807	0.748383	0.495503
wgEncodeAwgTfbsSydhK562Gata1UcdUniPk	0.951770	0.953378	0.897573	0.785690
wgEncodeAwgTfbsUwHffCtcfUniPk	0.980704	0.977790	0.949572	0.898311
wgEncodeAwgTfbsHaibHepg2Tcf12Pcr1xUniPk	0.854789	0.883064	0.764331	0.566575
wgEncodeAwgTfbsHaibA549Sin3ak20V0422111Etoh02UniPk	0.785674	0.782184	0.715510	0.442069
wgEncodeAwgTfbsSydhGm12878NfkbTnfaIggrabUniPk	0.899456	0.907316	0.810777	0.635433
wgEncodeAwgTfbsHaibT47dEralphaaPcr2xGen1hUniPk	0.904366	0.901447	0.825359	0.644077
wgEncodeAwgTfbsSydhHepg2CebpbIggrabUniPk	0.979784	0.972895	0.940026	0.880136
wgEncodeAwgTfbsSydhHelas3Gtf2f1ab28179IggrabUniPk	0.833476	0.838195	0.762198	0.495517
wgEncodeAwgTfbsHaibGm12878SrfPcr2xUniPk	0.907904	0.914787	0.825982	0.656717
wgEncodeAwgTfbsUwHelas3CtcfUniPk	0.985865	0.981927	0.950976	0.900842
wgEncodeAwgTfbsHaibGm12878NrsfPcr1xUniPk	0.910697	0.923041	0.838785	0.694046
wgEncodeAwgTfbsSydhRajiPol2UcdUniPk	0.808271	0.811891	0.689091	0.451864
wgEncodeAwgTfbsHaibHepg2Atf3V0416101UniPk	0.943926	0.949503	0.865672	0.738328
wgEncodeAwgTfbsUtaMcf7Pol2SerumstimUniPk	0.839074	0.842698	0.752635	0.511141
wgEncodeAwgTfbsHaibHelas3NrsfPcr1xUniPk	0.956222	0.961645	0.903775	0.821200
wgEncodeAwgTfbsSydhK562Atf106325UniPk	0.919206	0.923294	0.845993	0.696193
wgEncodeAwgTfbsBroadH1hescEzh239875UniPk	0.820335	0.817770	0.734250	0.488371
wgEncodeAwgTfbsSydhK562Irf1Ifng6hUniPk	0.902186	0.909216	0.815583	0.648756
wgEncodeAwgTfbsHaibT47dFoxa1sc6553V0416102Dm002p1hUniPk	0.945520	0.938616	0.877831	0.754720
wgEncodeAwgTfbsSydhK562Pol2Ifng30UniPk	0.818463	0.827612	0.706231	0.491954
wgEncodeAwgTfbsHaibH1hescNrsfV0416102UniPk	0.956698	0.962733	0.903045	0.815252
wgEncodeAwgTfbsSydhHek293Elk4UcdUniPk	0.802383	0.823007	0.653846	0.413184
wgEncodeAwgTfbsSydhNb4CmycUniPk	0.883052	0.886759	0.805511	0.598049
wgEncodeAwgTfbsSydhH1hescCjunIggrabUniPk	0.915042	0.935217	0.825758	0.694679
wgEncodeAwgTfbsHaibA549GrPcr1xDex5nmUniPk	0.916911	0.926608	0.819610	0.680040
wgEncodeAwgTfbsHaibH1hescPou5f1sc9081V0416102UniPk	0.946336	0.954390	0.868993	0.745167
wgEncodeAwgTfbsHaibGm12878Rad21V0416101UniPk	0.971628	0.974131	0.923471	0.855377
wgEncodeAwgTfbsSydhHelas3Chd2IggrabUniPk	0.886670	0.892571	0.804468	0.609018
wgEncodeAwgTfbsUtaHuvecCmycUniPk	0.907379	0.915665	0.829197	0.655521
wgEncodeAwgTfbsHaibGm12878Mef2csc13268V0416101UniPk	0.913844	0.918955	0.830584	0.647537
wgEncodeAwgTfbsSydhA549Bhlhe40IggrabUniPk	0.917868	0.921803	0.844197	0.682008
wgEncodeAwgTfbsSydhK562Pol2UniPk	0.828048	0.827916	0.728969	0.496319
wgEncodeAwgTfbsSydhK562Irf1Ifng30UniPk	0.853610	0.861601	0.715205	0.539809
wgEncodeAwgTfbsHaibA549Six5V0422111Etoh02UniPk	0.853917	0.877135	0.748161	0.545571
wgEncodeAwgTfbsHaibEcc1EraaV0416102Bpa1hUniPk	0.882963	0.894379	0.786346	0.605614
wgEncodeAwgTfbsSydhNb4Pol2UniPk	0.824177	0.835074	0.739617	0.491981
wgEncodeAwgTfbsSydhHelas3Tr4UniPk	0.889871	0.907362	0.788875	0.598374
wgEncodeAwgTfbsSydhHelas3Pol2s2IggrabUniPk	0.812172	0.808022	0.730179	0.479217
wgEncodeAwgTfbsSydhGm10847Pol2IggmusUniPk	0.834703	0.838068	0.752512	0.506973
wgEncodeAwgTfbsSydhGm12878Chd1a301218aIggmusUniPk	0.750082	0.751562	0.720630	0.344012
wgEncodeAwgTfbsBroadNhekEzh239875UniPk	0.801986	0.803138	0.724704	0.437956
wgEncodeAwgTfbsSydhK562CmycIfna6hUniPk	0.848405	0.850022	0.764072	0.527301
wgEncodeAwgTfbsSydhK562Arid3asc8821IggrabUniPk	0.865259	0.885206	0.774307	0.575334
wgEncodeAwgTfbsSydhK562Chd2ab68301IggrabUniPk	0.905351	0.916052	0.818737	0.651420
wgEncodeAwgTfbsSydhHelas3TbpIggrabUniPk	0.839369	0.842030	0.748986	0.518689
wgEncodeAwgTfbsSydhMcf10aesStat3Etoh01bUniPk	0.951456	0.947538	0.885053	0.776445
wgEncodeAwgTfbsHaibEcc1Foxa1sc6553V0416102Dm002p1hUniPk	0.927147	0.933306	0.853121	0.734062
wgEncodeAwgTfbsBroadHuvecCtcfUniPk	0.975890	0.977538	0.935570	0.874179
wgEncodeAwgTfbsBroadDnd41CtcfUniPk	0.968378	0.960060	0.931439	0.862591
wgEncodeAwgTfbsHaibGm12891Pou2f2Pcr1xUniPk	0.864294	0.872523	0.758568	0.562073
wgEncodeAwgTfbsSydhGm12878Rfx5200401194IggmusUniPk	0.885106	0.901176	0.790045	0.615108
wgEncodeAwgTfbsHaibGm12878P300Pcr1xUniPk	0.862768	0.869246	0.783359	0.576058
wgEncodeAwgTfbsUwMcf7CtcfUniPk	0.975436	0.969766	0.942369	0.886195
wgEncodeAwgTfbsSydhK562CmycUniPk	0.871268	0.874043	0.786403	0.573933
wgEncodeAwgTfbsSydhPbdePol2UcdUniPk	0.811302	0.808678	0.745935	0.474479
wgEncodeAwgTfbsSydhK562Smc3ab9263IggrabUniPk	0.974718	0.974717	0.943102	0.893030
wgEncodeAwgTfbsUwRptecCtcfUniPk	0.970006	0.961918	0.935430	0.870674
wgEncodeAwgTfbsHaibHct116Zbtb33V0416101UniPk	0.856215	0.861298	0.761843	0.571262
wgEncodeAwgTfbsHaibGm12878Nfatc1sc17834V0422111UniPk	0.854583	0.859749	0.772441	0.555138
wgEncodeAwgTfbsHaibK562Cbx3sc101004V0422111UniPk	0.853378	0.859339	0.773748	0.552463
wgEncodeAwgTfbsSydhHepg2JundIggrabUniPk	0.969249	0.962576	0.937545	0.877177
wgEncodeAwgTfbsSydhHepg2Irf3IggrabUniPk	0.863577	0.896824	0.801653	0.650832
wgEncodeAwgTfbsSydhMcf10aesStat3Etoh01cUniPk	0.953256	0.949634	0.887947	0.777298
wgEncodeAwgTfbsSydhH1hescSin3anb6001263IggrabUniPk	0.854515	0.859298	0.772501	0.545289
wgEncodeAwgTfbsSydhHelas3Znf274UcdUniPk	0.976974	0.982660	0.918919	0.829513
wgEncodeAwgTfbsHaibA549Bcl3V0422111Etoh02UniPk	0.824596	0.831138	0.753550	0.481873
wgEncodeAwgTfbsBroadNhaEzh239875UniPk	0.814715	0.813453	0.670448	0.468466
wgEncodeAwgTfbsSydhGm12878Mxi1IggmusUniPk	0.837919	0.846684	0.737968	0.513806
wgEncodeAwgTfbsSydhHelas3Baf170IggmusUniPk	0.786625	0.814334	0.606796	0.432123
wgEncodeAwgTfbsUwAoafCtcfUniPk	0.977537	0.975357	0.930652	0.861042
wgEncodeAwgTfbsHaibK562Trim28sc81411V0422111UniPk	0.857969	0.872594	0.764901	0.555194
wgEncodeAwgTfbsSydhHelas3Ap2alphaUniPk	0.899456	0.903018	0.820132	0.646781
wgEncodeAwgTfbsSydhHelas3Brca1a300IggrabUniPk	0.880797	0.890071	0.792663	0.600206
wgEncodeAwgTfbsHaibH1hescSrfPcr1xUniPk	0.950350	0.956281	0.878244	0.756393
wgEncodeAwgTfbsHaibHepg2Zbtb7aV0416101UniPk	0.889455	0.888308	0.805626	0.621214
wgEncodeAwgTfbsUtaGm12878Pol2UniPk	0.814789	0.812099	0.734358	0.465337
wgEncodeAwgTfbsHaibGm12878Bclaf101388V0416101UniPk	0.830030	0.839957	0.745372	0.485441
wgEncodeAwgTfbsSydhHepg2Rfx5200401194IggrabUniPk	0.918915	0.933675	0.841154	0.690786
wgEncodeAwgTfbsSydhHelas3CfosUniPk	0.956153	0.961054	0.896949	0.804869
wgEncodeAwgTfbsSydhGm12878Yy1UniPk	0.891055	0.903221	0.795306	0.610183
wgEncodeAwgTfbsUwSaecCtcfUniPk	0.977930	0.971666	0.941746	0.883163
wgEncodeAwgTfbsSydhHelas3P300sc584sc584IggrabUniPk	0.922600	0.920787	0.837826	0.697592
wgEncodeAwgTfbsHaibHepg2Fosl2V0416101UniPk	0.934178	0.936161	0.855077	0.727211
wgEncodeAwgTfbsUtaA549CtcfUniPk	0.969773	0.967593	0.918855	0.841074
wgEncodeAwgTfbsSydhGm19193NfkbTnfaIggrabUniPk	0.928559	0.932065	0.854692	0.722411
wgEncodeAwgTfbsHaibK562Ets1V0416101UniPk	0.847991	0.855216	0.757986	0.529099
wgEncodeAwgTfbsHaibPfsk1Taf1V0416101UniPk	0.851311	0.853305	0.738341	0.540505
wgEncodeAwgTfbsBroadHelas3CtcfUniPk	0.952467	0.955344	0.904918	0.820126
wgEncodeAwgTfbsHaibA549GrPcr1xDex50nmUniPk	0.918206	0.915042	0.846070	0.690097
wgEncodeAwgTfbsSydhHelas3Elk4UcdUniPk	0.902894	0.914493	0.819975	0.626810
wgEncodeAwgTfbsSydhGm12891NfkbTnfaIggrabUniPk	0.892769	0.899176	0.788754	0.623052
wgEncodeAwgTfbsSydhH1hescCtbp2UcdUniPk	0.816432	0.812135	0.673435	0.470683
wgEncodeAwgTfbsSydhK562CmycIfng6hUniPk	0.872048	0.876435	0.772305	0.579589
wgEncodeAwgTfbsSydhHelas3Smc3ab9263IggrabUniPk	0.946084	0.947759	0.881761	0.765529
wgEncodeAwgTfbsUtaGm12891CtcfUniPk	0.948974	0.953555	0.882937	0.778218
wgEncodeAwgTfbsUwHcpeCtcfUniPk	0.971607	0.964112	0.932885	0.865301
wgEncodeAwgTfbsHaibA549Pol2Pcr2xDex100nmUniPk	0.825201	0.820742	0.732477	0.492563
wgEncodeAwgTfbsSydhHelas3CmycUniPk	0.880466	0.886087	0.807356	0.582677
wgEncodeAwgTfbsSydhShsy5yGata2UcdUniPk	0.914128	0.903724	0.849436	0.698236
wgEncodeAwgTfbsSydhK562Stat2Ifna6hUniPk	0.903981	0.915966	0.819149	0.639820
wgEncodeAwgTfbsBroadNhaCtcfUniPk	0.979239	0.982997	0.936759	0.877126
wgEncodeAwgTfbsSydhHelas3Spt20UniPk	0.696921	0.705768	0.624187	0.282863
wgEncodeAwgTfbsSydhGm12878Brca1a300IggmusUniPk	0.957481	0.960967	0.899522	0.805974
wgEncodeAwgTfbsSydhGm12878Bhlhe40cIggmusUniPk	0.903662	0.908284	0.823485	0.663172
wgEncodeAwgTfbsSydhHepg2P300sc582IggrabUniPk	0.856668	0.860612	0.774070	0.551821
wgEncodeAwgTfbsSydhGm12878Ikzf1iknuclaUniPk	0.838010	0.835039	0.759152	0.507424
wgEncodeAwgTfbsHaibGm12878Tcf12Pcr1xUniPk	0.903155	0.908164	0.818089	0.646420
wgEncodeAwgTfbsSydhGm12892Pol2IggmusUniPk	0.817372	0.818074	0.741950	0.477331
wgEncodeAwgTfbsSydhMcf10aesStat3Tam112hHvdUniPk	0.952606	0.947717	0.890758	0.783312
wgEncodeAwgTfbsHaibK562Bcl3Pcr1xUniPk	0.784690	0.797339	0.744318	0.436114
wgEncodeAwgTfbsBroadHuvecPol2bUniPk	0.785995	0.776560	0.720037	0.423087
wgEncodeAwgTfbsSydhK562Stat1Ifna30UniPk	0.880874	0.887732	0.786106	0.606884
wgEncodeAwgTfbsSydhMcf7Hae2f1UcdUniPk	0.841017	0.839584	0.759686	0.529829
wgEncodeAwgTfbsHaibHepg2Usf1Pcr1xUniPk	0.966395	0.959584	0.920687	0.843613
wgEncodeAwgTfbsUchicagoK562EjundUniPk	0.911408	0.911612	0.836054	0.687484
wgEncodeAwgTfbsSydhK562Corestab24166IggrabUniPk	0.875931	0.891880	0.791097	0.575117
wgEncodeAwgTfbsHaibA549Zbtb33V0422111Etoh02UniPk	0.833117	0.840163	0.761676	0.505047
wgEncodeAwgTfbsHaibEcc1EralphaaV0416102Gen1hUniPk	0.893300	0.896670	0.813715	0.622953
wgEncodeAwgTfbsSydhGm12878P300IggmusUniPk	0.881758	0.890153	0.795608	0.604934
wgEncodeAwgTfbsBroadHelas3Ezh239875UniPk	0.695545	0.702086	0.605882	0.253301
wgEncodeAwgTfbsHaibEcc1GrV0416102Dex100nmUniPk	0.891866	0.904734	0.819716	0.632213
wgEncodeAwgTfbsSydhK562NfyaUniPk	0.962161	0.970129	0.899637	0.803583
wgEncodeAwgTfbsSydhHelas3Baf155IggmusUniPk	0.790534	0.793886	0.721661	0.419279
wgEncodeAwgTfbsHaibH1hescTaf7sc101167V0416102UniPk	0.824322	0.825334	0.747000	0.486715
wgEncodeAwgTfbsSydhH1hescJundIggrabUniPk	0.933569	0.941072	0.860649	0.727907
wgEncodeAwgTfbsSydhHepg2Znf274UcdUniPk	0.983349	0.989458	0.931818	0.878456
wgEncodeAwgTfbsUtaMcf7CtcfSerumstimUniPk	0.947794	0.942209	0.891922	0.782171
wgEncodeAwgTfbsSydhHelas3CebpbIggrabUniPk	0.949009	0.943080	0.889351	0.775590
wgEncodeAwgTfbsSydhK562Stat1Ifng30UniPk	0.926325	0.938097	0.844501	0.723463
wgEncodeAwgTfbsSydhK562Mxi1af4185IggrabUniPk	0.881579	0.892422	0.801980	0.607335
wgEncodeAwgTfbsSydhGm12878Pol2IggmusUniPk	0.797987	0.802371	0.708318	0.441271
wgEncodeAwgTfbsUwAg04450CtcfUniPk	0.977790	0.975885	0.933384	0.864770
wgEncodeAwgTfbsSydhHelas3Ini1IggmusUniPk	0.803146	0.800910	0.698458	0.456633
wgEncodeAwgTfbsHaibK562Egr1V0416101UniPk	0.945968	0.936801	0.884145	0.773288
wgEncodeAwgTfbsSydhHepg2Usf2IggrabUniPk	0.972912	0.977885	0.942437	0.883723
wgEncodeAwgTfbsSydhHepg2ErraForsklnUniPk	0.882566	0.874904	0.789954	0.605688
wgEncodeAwgTfbsUchicagoK562EfosUniPk	0.962788	0.964575	0.924557	0.852643
wgEncodeAwgTfbsSydhK562CfosUniPk	0.976554	0.977528	0.930826	0.862326
wgEncodeAwgTfbsHaibHct116Yy1sc281V0416101UniPk	0.908581	0.918557	0.826869	0.654566
wgEncodeAwgTfbsHaibEcc1Pol2V0416102Dm002p1hUniPk	0.832735	0.832590	0.743972	0.502171
wgEncodeAwgTfbsUwBjCtcfUniPk	0.975490	0.971692	0.933815	0.869235
wgEncodeAwgTfbsSydhHepg2Corestsc30189IggrabUniPk	0.811155	0.820746	0.679183	0.470262
wgEncodeAwgTfbsBroadH1hescChd1a301218aUniPk	0.773944	0.769231	0.703258	0.405716
wgEncodeAwgTfbsSydhA549Rad21IggrabUniPk	0.979993	0.979562	0.952001	0.907186
wgEncodeAwgTfbsUwBe2cCtcfUniPk	0.976593	0.975956	0.937913	0.876322
wgEncodeAwgTfbsHaibSknshNrsfV0416101UniPk	0.907680	0.920286	0.818391	0.680284
wgEncodeAwgTfbsSydhK562Yy1UcdUniPk	0.960407	0.967068	0.909091	0.821825
wgEncodeAwgTfbsSydhK562Pol2Ifna6hUniPk	0.814294	0.810480	0.735166	0.470153
wgEncodeAwgTfbsSydhHepg2Pol2ForsklnUniPk	0.808508	0.803390	0.724922	0.467762
wgEncodeAwgTfbsBroadH1hescRbbp5a300109aUniPk	0.794468	0.787319	0.682192	0.435073
wgEncodeAwgTfbsHaibK562GabpV0416101UniPk	0.922100	0.930322	0.836544	0.699578
wgEncodeAwgTfbsSydhU2osSetdb1UcdUniPk	0.866538	0.884340	0.786561	0.580284
wgEncodeAwgTfbsHaibGm12892Pol24h8V0416102UniPk	0.784566	0.783754	0.713222	0.426652
wgEncodeAwgTfbsHaibPfsk1Foxp2Pcr2xUniPk	0.880474	0.877076	0.800858	0.588543
wgEncodeAwgTfbsSydhMcf10aesPol2TamUniPk	0.822606	0.827721	0.734352	0.481127
wgEncodeAwgTfbsSydhK562Tr4UcdUniPk	0.798660	0.872123	0.723404	0.469297
wgEncodeAwgTfbsHaibGm12878Bcl3V0416101UniPk	0.890574	0.895424	0.811365	0.630199
wgEncodeAwgTfbsSydhK562NfybUniPk	0.981492	0.981326	0.938527	0.881397
